fund_code,fund_name,isin,type_code,annual_management_fee_rate
DDF,DENİZ PORTFÖY DİNAMO HİSSE SENEDİ SERBEST (TL) FON (HİSSE SENEDİ YOĞUN FON),TRYDNZP00199,108,0.600
DFI,ATLAS PORTFOY SERBEST FON - TRYATLP00143,TRYATLP00143,108,2.000
DOH,TERA PORTFOY DORDUNCU HISSE SENEDI SERBEST (TL) FON (HISSE SENEDI YOGUN FON) - TRYTRPY00165,TRYTRPY00165,108,0.000
GO9,ONE PORTFÖY BİRİNCİ HİSSE SENEDİ FONU (HİSSE SENEDİ YOĞUN FON),TRYGRIP00181,104,3.000
HGV,HEDEF PORTFOY BIRINCI SERBEST FON  - TRYHDFP00284,TRYHDFP00284,108,2.000
HKM,HEDEF PORTFOY BASAK HISSE SENEDI SERBEST (TL) FON (HISSE SENEDI YOGUN FON) - TRYHDFP00482,TRYHDFP00482,108,3.000
HRZ,AKTİF PORTFÖY BIST HALKA ARZ ŞİRKETLERİ HİSSE SENEDİ (TL) FONU (HİSSE SENEDİ YOĞUN FON),TRYMKFT00463,104,2.000
IVY,ISTANBUL PORTFOY BLOCKCHAIN TEKNOLOJILERI KARMA FON - TRYISTP00281,TRYISTP00281,101,2.500
KHA,PARDUS PORTFOY YONETIMI AS IKINCI HISSE SENEDI (TL) FONU (HISSE SENEDI YOGUN FON) - TRYA1PY00305,TRYA1PY00305,104,1.500
KHJ,ATLAS PORTFÖY KATILIM HİSSE SENEDİ FONU (HİSSE SENEDİ YOĞUN FON),TRYATLP00283,104,2.000
MTH,MT PORTFOY BIRINCI HISSE SENEDI FONU (HISSE SENEDI YOGUN FON) - TRYMTPY00026,TRYMTPY00026,104,2.730
OMG,AZİMUT PORTFÖY İKİNCİ HİSSE SENEDİ FONU (HİSSE SENEDİ YOĞUN FON),TRYAZIM01398,104,3.203
PBN,PIRAMIT PORTFOY BIRINCI HISSE SENEDI SERBEST FON (HISSE SENEDI YOGUN FON) - TRYPRMT00095,TRYPRMT00095,108,2.100
PBR,PUSULA PORTFOY BIRINCI DEGISKEN FON - TRYPSLP00036,TRYPSLP00036,101,1.750
PHE,PUSULA PORTFOY HISSE SENEDI FONU (HISSE SENEDI YOGUN FON) - TRYPSLP00010,TRYPSLP00010,104,2.500
PMP,PARDUS PORTFOY MODEL PORTFOY HISSE SENEDI SERBEST FON (HISSE SENEDI YOGUN FON) - TRYA1PY00644,TRYA1PY00644,108,2.000
POS,PARDUS PORTFOY YONETIMI AS ONBESINCI HISSE SENEDI SERBET (TL) FON (HISSE SENEDI YOGUN FON) - TRYA1PY,TRYA1PY00487,108,2.000
SBH,SPARTA PORTFOY BIRINCI HISSE SENEDI SERBEST (TL) FON (HISSE SENEDI YOGUN FON) - TRYSPRT00019,TRYSPRT00019,108,3.150
THF,TERA PORTFOY HISSE SENEDI (TL) FONU (HISSE SENEDI YOGUN FON) - TRYTRPY00140,TRYTRPY00140,104,0.000
TLY,TERA PORTFOY YONETIMI AS BIRINCI SERBEST FON - TRYTRPY00025,TRYTRPY00025,108,0.000
VPS,VEGA PORTFOY SALUR HISSE SENEDI SERBEST (TL) FON (HISSE SENEDI YOGUN FON)  - TRYVEGA00036,TRYVEGA00036,108,3.675
DDA,DENİZ PORTFÖY BANKACILIK SEKTÖRÜ HİSSE SENEDİ SERBEST FON (HİSSE SENEDİ YOĞUN FON),TRYDNZP00397,108,2.000
PTL,TEB PORTFÖY İKİNCİ PARA PİYASASI (TL) FONU,TRYTEBP00534,107,0.000
AAK,ATA PORTFÖY ÇOKLU VARLIK DEĞİŞKEN FON,TRMAF1WWWWW4,101,1.500
AAS,ATA PORTFÖY FON SEPETİ SERBEST FONU,TRYATAM00028,108,0.750
AAV,ATA PORTFÖY İKİNCİ HİSSE SENEDİ (TL) FONU (HİSSE SENEDİ YOĞUN FON),TRYATAM00069,104,2.250
FRC,FONMAP PORTFOY BIRINCI HISSE SENEDI SERBEST FON (HISSE SENEDI YOGUN FON) - TRYFNVP00086,TRYFNVP00086,108,2.000
AC1,PARDUS PORTFÖY KISA VADELİ KATILIM SERBEST FONU,TRYA1PY00073,108,1.000
DBA,DENİZ PORTFÖY ALTIN FONU,TRYDZBK00070,105,2.000
AC5,PARDUS PORTFÖY İSTATİSTİKSEL ARBİTRAJ HİSSE SENEDİ SERBEST (TL) FON (HİSSE SENEDİ YOĞUN FON),TRYA1PY00065,108,1.500
AC6,PARDUS PORTFÖY DÖRDÜNCÜ SERBEST (DÖVİZ) FON,TRYA1PY00107,108,2.500
ACC,İSTANBUL PORTFÖY DÖRDÜNCÜ HİSSE SENEDİ FONU (HİSSE SENEDİ YOĞUN),TRYACTU00027,104,2.560
ACD,İSTANBUL PORTFÖY İKİNCİ DEĞİŞKEN FON,TRMACDWWWWW8,101,2.100
ACU,İSTANBUL PORTFÖY URARTU SERBEST (DÖVİZ) FON,TRYACTU00084,108,1.095
ADE,AK PORTFÖY MUTLAK GETİRİ HEDEFLİ DEĞİŞKEN FON,TRMADEWWWWW4,101,2.000
CKF,ALBARAKA PORTFÖY ÇOKLU VARLIK KATILIM FONU,TRYAPYS00650,114,
AED,ATA PORTFÖY BİRİNCİ DEĞİŞKEN FON,TRYATAM00010,101,1.750
AES,AK PORTFÖY PETROL YABANCI BYF FON SEPETİ FONU,TRYAKBK00441,102,2.900
AEV,ALLBATROSS PORTFÖY SANAYİ ŞİRKETLERİ HİSSE SENEDİ (TL) FONU (HİSSE SENEDİ YOĞUN FON),TRYALBT00127,104,3.000
AFA,AK PORTFÖY  AMERİKA YABANCI HİSSE SENEDİ FONU,TRYAKBK00458,104,2.900
ADP,AK PORTFÖY BIST BANKA ENDEKSİ HİSSE SENEDİ (TL) FONU (HİSSE SENEDİ YOĞUN FON),TRMADFWWWWW1,104,2.000
AFO,AK PORTFÖY ALTIN FONU,TRYAKBK00052,105,2.040
AFS,AK PORTFÖY SAĞLIK SEKTÖRÜ YABANCI HİSSE SENEDİ FONU,TRYAKBK00482,104,2.900
AFT,AK PORTFÖY YENİ TEKNOLOJİLER YABANCI HİSSE SENEDİ FONU,TRYAKBK00144,104,2.900
AFV,AK PORTFÖY YÖNETİMİ HİS.SEN.ŞEM.FONA BAĞLI AVRUPA YABANCI HİSSE SENEDİ FONU - TRYAKBK00466,TRYAKBK00466,104,2.900
AGC,AK PORTFÖY İKİNCİ DEĞİŞKEN FON,TRYAKPO00468,101,1.500
GBL,AZİMUT PYŞ KISA VADELİ BORÇLANMA ARAÇLARI FONU,TRMGBLWWWWW0,100,2.400
AHI,ATLAS PORTFÖY BİRİNCİ HİSSE SENEDİ FONU(HİSSE SENEDİ YOĞUN),TRYATLP00028,104,2.900
AHN,ATLAS PORTFÖY SERBEST(DÖVİZ)FON,TRYATLP00044,108,1.500
AHU,ATLAS PORTFÖY BİRİNCİ ÖZEL SEKTÖR BORÇLANMA ARAÇLARI FONU,TRYATLP00051,100,1.400
AHV,AZİMUT PORTFÖY DENGELİ FON SEPETİ FONU,TRYAZIM00135,102,2.000
AIS,AK PORTFÖY PARA PİYASASI KATILIM FONU,TRYAKBK00847,114,0.390
AJ1,A1 CAPİTAL PORTFÖY İSTATİSTİKSEL ARBİTRAJ HİSSE SENEDİ SERBEST FON (HİSSE SENEDİ YOĞUN FON),TRYA1PS00026,108,3.000
AJK,AK PORTFÖY 0-5 YIL VADELİ SERBEST (DÖVİZ) FON,TRYAKPO00385,108,0.900
AK2,AK PORTFÖY UZUN VADELİ BORÇLANMA ARAÇLARI FONU,TRMAK2WWWWW5,100,2.000
GZE,GARANTİ PORTFÖY EMTİA SERBEST FON,TRYGAPO00631,108,3.000
AKE,AK PORTFÖY EUROBOND (AMERİKAN DOLARI) BORÇLANMA ARAÇLARI FONU,TRYAKBK00318,100,2.900
ALC,AK PORTFÖY KAR PAYI ÖDEYEN ŞİRKETLER HİSSE SENEDİ (TL) FONU (HİSSE SENEDİ YOĞUN FON),TRYAKBK00946,104,2.950
AK3,AK PORTFOY HISSE SENEDI (TL) FONU (HISSE SENEDI YOGUN FON) - TRMAK3WWWWW3,TRMAK3WWWWW3,104,3.400
AKU,AK PORTFÖY BIST 30 ENDEKSİ HİSSE SENEDİ (TL) FONU (HİSSE SENEDİ YOĞUN FON),TRMAKUWWWWW5,104,2.000
AN1,STRATEJİ PORTFÖY BİRİNCİ DEĞİŞKEN FON,TRMAN1WWWWW4,101,3.000
ANZ,ATA PORTFÖY DÖRDÜNCÜ SERBEST (DÖVİZ) FON,TRYATAP00039,108,0.750
AOJ,ALLBATROSS PORTFÖY İNŞAAT SEKTÖRÜ HİSSE SENEDİ SERBEST (TL) FON (HİSSE SENEDİ YOĞUN FON),TRYALBT00135,108,1.000
AOY,AK PORTFÖY ALTERNATİF ENERJİ YABANCI HİSSE SENEDİ FONU,TRYAKBK00029,104,2.900
AP5,ATLAS PORTFÖY BEŞİNCİ HİSSE SENEDİ SERBEST FON (HİSSE SENEDİ YOĞUN FON),TRYATLP00465,108,1.000
AP7,PARDUS PORTFÖY ALGO ETNA İSTATİSTİKSEL ARBİTRAJ SERBEST FON,TRYA1PY00297,108,4.500
APJ,AK PORTFÖY BIST ŞİRKETLERİ FON SEPETİ FONU,TRYAKPO00351,102,1.700
APT,AK PORTFÖY ORTA VADELI BORÇLANMA ARAÇLARI FONU,TRYAKBK00060,100,2.000
ARE,İSTANBUL PORTFÖY YABANCI HİSSE SENEDİ FONU,TRYGRAN00498,104,2.500
ARL,AK PORTFÖY BİRİNCİ FON SEPETİ FONU,TRYAKPO00062,102,1.950
ARM,AK PORTFÖY İKİNCİ FON SEPETİ FONU,TRYAKPO00054,102,1.950
AS1,ALLBATROSS PORTFÖY BİRİNCİ SERBEST (DÖVİZ) FON,TRYALBT00176,108,0.250
ASJ,AKTİF PORTFÖY HİSSE SENEDİ (TL) FONU (HİSSE SENEDİ YOĞUN FON),TRYMKFT00273,104,2.750
AU1,A1 CAPİTAL PORTFÖY ALTIN FONU,TRYA1PS00083,105,1.400
AUT,ATA PORTFÖY DENGELİ DEĞİŞKEN FON,TRYATAM00044,101,1.250
AUV,AK PORTFÖY UZUN VADELİ SERBEST (DÖVİZ) FON,TRYAKPO01748,108,1.500
AYA,ATA PORTFÖY KAR PAYI ÖDEYEN HİSSE SENEDİ (TL) FONU (HİSSE SENEDİ YOĞUN FON),TRMAATWWWWW8,104,2.500
AYR,AK PORTFÖY ÖZEL SEKTÖR BORÇLANMA ARAÇLARI (TL) FONU,TRYAKBK00722,100,2.500
BAG,BULLS PORTFÖY ATAK DEĞIŞKEN FON,TRYBLLS00258,101,2.500
BBF,PARDUS PORTFÖY BİRİNCİ BORÇLANMA ARAÇLARI (TL) FONU,TRYA1PY00222,100,1.500
BBP,ALLBATROSS PORTFÖY BİRİNCİ BORÇLANMA ARAÇLARI FONU,TRYALBT00374,100,1.750
BBS,BULLS PORTFOY BIRINCI SERBEST (TL) FON - TRYBLLS00076,TRYBLLS00076,108,2.750
BCK,DENİZ PORTFÖY BLOCKCHAİN VE FINTECH TEKNOLOJİLERİ DEĞİŞKEN FON,TRYDNZP01528,101,2.500
BCO,BULLS PORTFÖY ÇOKLU VARLIK KATILIM FONU,TRYBLLS00050,114,2.250
BDA,YAPI KREDİ PORTFÖY BİRİNCİ KATILIM SERBEST (DÖVİZ-AVRO) FON,TRYYAPO01111,108,0.500
BDS,PARDUS PORTFOY BIST 30 DISI SIRKETLER HISSE SENEDI (TL) FONU (HISSE SENEDI YOGUN FON) - TRYA1PY00396,TRYA1PY00396,104,1.000
BDY,AK PORTFÖY BIST 100 DIŞI ŞİRKETLER HİSSE SENEDİ (TL) FONU (HİSSE SENEDİ YOĞUN FON),TRYAKPO01698,104,3.300
BFE,ALLBATROSS PORTFÖY BİRİNCİ FON SEPETİ FONU,TRYALBT00408,102,2.000
BFS,BULLS PORTFÖY EMTİA FON SEPETİ FONU,TRYBLLS00035,102,2.500
BFT,AZIMUT PORTFOY BANKA VE FINANS SEKTORU HISSE SENEDI FONU (HISSE SENEDI YOGUN FON) - TRYAZIM01448,TRYAZIM01448,104,2.350
BGP,AK PORTFÖY ÜÇÜNCÜ PARA PİYASASI (TL) FONU,TRYAKPO00625,107,0.490
BHA,BULLS PORTFÖY HİSSE SENEDİ (TL) FONU (HİSSE SENEDİ YOĞUN FON),TRYBLLS00019,104,2.750
BHF,PARDUS PORTFÖY BİRİNCİ DEĞİŞKEN FON,TRYA1PY00214,101,2.000
BPZ,BULLS PORTFÖY PARA PİYASASI (TL) FONU,TRYBLLS00043,107,0.750
BHI,BV PORTFÖY MUTLAK GETİRİ HEDEFLİ HİSSE SENEDİ SERBEST (TL) FON (HİSSE SENEDİ YOĞUN FON),TRYBVPY00058,108,3.150
BHL,İŞ PORTFÖY BİRİNCİ HİSSE SENEDİ SERBEST FON (HİSSE SENEDİ YOĞUN FON),TRYISPO01520,108,3.200
BID,QNB PORTFÖY BIST 100 DIŞI ŞİRKETLER HİSSE SENEDİ (TL) FONU (HİSSE SENEDİ YOĞUN FON),TRYFIPO00578,104,3.000
BIG,YAPI KREDİ PORTFÖY ÜÇÜNCÜ HİSSE SENEDİ FONU (HİSSE SENEDİ YOĞUN FON),TRYYAPO00899,104,3.000
BIO,İŞ PORTFÖY SÜRDÜRÜLEBİLİRLİK HİSSE SENEDİ (TL) FONU (HİSSE SENEDİ YOĞUN FON),TRYISPO01322,104,2.000
BIP,İSTANBUL PORTFÖY BİRİNCİ PARA PİYASASI SERBEST (TL) FON,TRYISTP00778,108,1.575
BIS,BV PORTFÖY BİRİNCİ SERBEST FON,TRYBVPY00066,108,3.150
BIY,AZİMUT PORTFÖY BIST 100 DIŞI ŞİRKETLER HİSSE SENEDİ FONU (HİSSE SENEDİ YOĞUN FON),TRYAZIM01778,104,3.200
BJD,AZİMUT PORTFÖY 13.0 SERBEST (DÖVİZ) FON,TRYAZIM00499,108,0.500
BKY,YAPI KREDİ PORTFÖY BİRİNCİ KATILIM SERBEST (DÖVİZ) FON,TRYYAPO01129,108,1.000
RJG,RE-PIE PORTFÖY ALTIN KATILIM FONU,TRYRGGS00668,114,0.950
BIH,PARDUS PORTFÖY BİRİNCİ HİSSE SENEDİ (TL) FONU (HİSSE SENEDİ YOĞUN FON),TRYA1PY00198,104,2.000
TRO,TRIVE PORTFÖY ALTIN FONU,TRYKIGP00095,105,1.825
BLD,DENİZ PORTFÖY BALEV EĞİTİME DESTEK SERBEST FON,TRYDNZP01577,108,2.000
BLT,BULLS PORTFOY ALTIN FONU - TRYBLLS00027,TRYBLLS00027,105,1.500
BMU,BULLS PORTFÖY MUTLAK GETİRİ HEDEFLİ HİSSE SENEDİ SERBEST FON (HİSSE SENEDİ YOĞUN FON),TRYBLLS00100,108,1.000
BNC,AK PORTFÖY BEŞİNCİ SERBEST FON,TRYAKPO01599,108,0.150
BNH,İSTANBUL PORTFÖY BANKACILIK SEKTÖRÜ HİSSE SENEDİ SERBEST (TL) FON (HİSSE SENEDİ YOĞUN FON),TRYISTP00760,108,2.625
BOL,AKTİF PORTFÖY BORÇLANMA ARAÇLARI FONU,TRYMKFT00489,100,1.500
BON,A1 CAPİTAL PORTFÖY BORÇLANMA ARAÇLARI FONU,TRYA1PS00059,100,1.900
BOS,BULLS PORTFÖY ALTINCI HİSSE SENEDİ SERBEST FON (HİSSE SENEDİ YOĞUN FON),TRYBLLS00191,108,3.000
BRC,RE-PIE PORTFÖY BİRİNCİ İSTATİSTİKSEL ARBİTRAJ HİSSE SENEDİ SERBEST FON (HİSSE SENEDİ YOĞUN FON),TRYRGGS01112,108,0.000
BRF,DENİZ PORTFÖY BİRİNCİ FON SEPETİ FONU,TRYDNZP01627,102,2.500
BRR,AK PORTFÖY İKİNCİ KISA VADELİ BORÇLANMA ARAÇLARI (TL) FONU,TRYAKPO01839,100,1.500
BRT,PARDUS PORTFOY BEREKET HISSE SENEDI SERBEST FON (HISSE SENEDI YOGUN FON) - TRYA1PY00636,TRYA1PY00636,108,2.000
BS1,AHLATCI PORTFÖY BİRİNCİ SERBEST (TL) FON,TRYAHLP00015,108,0.000
BSD,BV PORTFÖY SERBEST (DÖVİZ) FON,TRYBVPY00249,108,0.500
BSH,ATLAS PORTFÖY BANKACILIK SEKTÖRÜ HİSSE SENEDİ SERBEST FON (HİSSE SENEDİ YOĞUN FON),TRYATLP00341,108,2.750
BSM,GLOBAL MD PORTFOY BERRAK SERBEST FON - TRYGMDP00191,TRYGMDP00191,108,2.900
BST,PARDUS PORTFÖY BANKACILIK SEKTÖRÜ DIŞI ŞİRKETLER HİSSE SENEDİ SERBEST (TL) FON (HİSSE SENEDİ YOĞUN FON),TRYA1PY00149,108,1.000
BTE,BV PORTFÖY OYUN VE TEKNOLOJİ DEĞİŞKEN FON,TRYBVPY00025,101,2.500
BTJ,ATLAS PORTFÖY İSTATİSTİKSEL ARBİTRAJ HİSSE SENEDİ SERBEST FON (HİSSE SENEDİ YOĞUN FON),TRYATLP00333,108,3.000
BTK,BV PORTFÖY TEKNOLOJİ KATILIM FONU,TRYBVPY00256,114,2.000
BTZ,ATLAS PORTFÖY BIST 30 DIŞI ŞİRKETLER HİSSE SENEDİ FONU (HİSSE SENEDİ YOĞUN FON),TRYATLP00275,104,2.000
BUB,BULLS PORTFÖY BİRİNCİ FON SEPETİ FONU,TRYBLLS00308,102,2.000
BUV,BULLS PORTFÖY VOLTRAN SERBEST (TL) FON,TRYBLLS00068,108,3.000
BUY,AK PORTFÖY BÜYÜYEN ŞİRKETLER HİSSE SENEDİ (TL) FONU (HİSSE SENEDİ YOĞUN FON),TRYAKPO01516,104,3.300
BV1,BV PORTFÖY BİRİNCİ HİSSE SENEDİ (TL) FON (HİSSE SENEDİ YOĞUN FON),TRYBVPY00207,104,2.000
BVD,BV PORTFÖY BİRİNCİ DEĞİŞKEN FON,TRYBVPY00272,101,2.500
BVK,BULLS PORTFÖY VOLTRAN KATILIM SERBEST (TL) FON,TRYBLLS00092,108,3.000
BVM,ALLBATROSS PORTFOY BIRINCI HISSE SENEDI SERBEST (TL) FON (HISSE SENEDI YOGUN FON) - TRYALBT00010,TRYALBT00010,108,0.500
BVV,BV PORTFÖY TEKNOLOJİ DEĞİŞKEN FON,TRYBVPY00041,101,2.500
BVZ,BV PORTFÖY İSTATİSTİKSEL ARBİTRAJ SERBEST (TL) FON,TRYBVPY00033,108,4.200
CAH,A1 CAPİTAL PORTFÖY HİSSE SENEDİ SERBEST FON (HİSSE SENEDİ YOĞUN FON),TRYA1PS00034,108,2.900
CIN,AKTİF PORTFÖY BİRİNCİ SERBEST FON,TRYMKFT00364,108,2.100
CKL,YAPI KREDİ PORTFÖY ÇOKLU VARLIK DEĞİŞKEN FON,TRYYAPO01053,101,2.000
CKS,İŞ PORTFÖY BİRİNCİ KATILIM SERBEST (DÖVİZ) FON,TRYISPO01256,108,0.600
CPT,ROTA PORTFÖY ÇİP TEKNOLOJİLERİ DEĞİŞKEN FON,TRYROTP00398,101,2.500
CPU,AKTİF PORTFÖY TEKNOLOJİ KATILIM FONU,TRYMKFT00323,114,2.000
CVK,INVEO PORTFÖY ÇOKLU VARLIK KATILIM FONU,TRYGEPO00419,114,1.750
CVL,A1 CAPİTAL PORTFÖY ÇOKLU VARLIK KATILIM FONU,TRYA1PS00117,114,2.250
DA1,A1 CAPİTAL PORTFÖY SERBEST (DÖVİZ) FON,TRYA1PS00042,108,1.000
DAH,DENİZ PORTFÖY HİSSE SENEDİ FONU (HİSSE SENEDİ YOĞUN FON),TRMDAHWWWWW7,104,2.920
DAS,DENİZ PORTFÖY ONİKİNCİ SERBEST (DÖVİZ) FON,TRYDNZP00892,108,0.800
DBB,DENİZ PORTFÖY BORÇLANMA ARAÇLARI FONU,TRYDZBK00013,100,2.000
DBH,DENİZ PORTFÖY EUROBOND (DÖVİZ) BORÇLANMA ARAÇLARI FONU,TRYDZBK00260,100,1.750
DBK,DENİZ PORTFÖY KISA VADELİ BORÇLANMA ARAÇLARI (TL) FONU,TRYDZBK00187,100,2.400
DBP,DENİZ PORTFÖY BİRİNCİ DEĞİŞKEN FON,TRYDZBK00021,101,2.000
DBZ,DENİZ PORTFÖY ÖZEL SEKTÖR BORÇLANMA ARAÇLARI FONU,TRYDZBK00195,100,2.000
DCB,DENİZ PORTFÖY PARA PİYASASI SERBEST (TL) FON,TRYDNZP00793,108,1.050
DEF,ALLBATROSS PORTFÖY DEFNE SERBEST FON,TRYALBT00184,108,2.250
DFC,DENİZ PORTFÖY TARIM VE GIDA DEĞİŞKEN FON,TRYDNZP00785,101,2.500
DFD,DENİZ PORTFÖY EMTİA SERBEST FON,TRYDNZP00751,108,2.500
BVF,BV PORTFÖY PARA PİYASASI (TL) FON,TRYBVPY00231,107,0.800
CFO,ROTA PORTFÖY İKİNCİ PARA PİYASASI FONU,TRYROTP00547,107,0.300
DGF,A1 CAPİTAL PORTFÖY DEĞİŞKEN FON,TRYA1PS00158,101,1.900
DGH,ATA PORTFÖY PARA PİYASASI SERBEST (TL) FON,TRYDSTK00010,108,0.950
DHJ,DENİZ PORTFÖY TEKNOLOJİ ŞİRKETLERİ HİSSE SENEDİ FONU (HİSSE SENEDİ YOĞUN FON),TRYDNZP00611,104,2.750
DHM,DENİZ PORTFÖY ESG-SÜRDÜRÜLEBİLİRLİK FON SEPETİ FONU,TRYDNZP00629,102,2.000
DHT,DENİZ PORTFÖY  HAVACILIK VE SAVUNMA TEKNOLOJİLERİ DEĞİŞKEN FON,TRYDNZP01775,101,2.000
DID,DENİZ PORTFÖY İKİNCİ DEĞİŞKEN FON,TRYDNZP01585,101,1.950
DIP,DENİZ PORTFÖY İKİNCİ PARA PİYASASI SERBEST (TL) FON,TRYDNZP01635,108,0.390
DKH,DENİZ PORTFÖY KATILIM HİSSE SENEDİ (TL) FONU (HİSSE SENEDİ YOĞUN FON),TRYDNZP01072,104,2.750
DKL,DENİZ PORTFÖY BİRİNCİ KATILIM SERBEST (DÖVİZ) FON,TRYDNZP01437,108,0.300
DKR,DENIZ PORTFOY ONDORDUNCU SERBEST FON - TRYDNZP01221,TRYDNZP01221,108,2.920
DL2,DENİZ PORTFÖY İKİNCİ PARA PİYASASI (TL) FONU,TRYDNZP01312,107,0.490
DLD,DENİZ PORTFÖY SÜRDÜRÜLEBİLİRLİK HİSSE SENEDİ FONU (HİSSE SENEDİ YOĞUN FON),TRYDNZP00645,104,2.000
DLY,DENİZ PORTFÖY PARA PİYASASI (TL) FONU,TRMDLYWWWWW9,107,1.450
DMG,DENİZ PORTFÖY GÜMÜŞ FON SEPETİ FONU,TRYDNZP00694,102,2.000
DNF,A1 CAPİTAL PORTFÖY DİNAMİK FON SEPETİ FONU,TRYA1PS00174,102,1.950
DNH,DENİZ PORTFÖY İNŞAAT SEKTÖRÜ HİSSE SENEDİ SERBEST (TL) FON (HİSSE SENEDİ YOĞUN FON),TRYDNZP01718,108,2.950
DNK,TACİRLER PORTFÖY DENGE KATILIM SERBEST FON,TRYTACP00183,108,3.000
DNM,QNB PORTFÖY DİNAMİK DAĞILIMLI SERBEST (DÖVİZ) FON,TRYFIPO00727,108,1.500
DNP,DENİZ PORTFÖY PARA PİYASASI KATILIM SERBEST (TL) FON,TRYDNZP01700,108,0.500
DOL,AKTİF PORTFÖY ÜÇÜNCÜ AKTİF SERBEST (DÖVİZ) FON,TRYMKFT00372,108,0.790
DOV,DENİZ PORTFÖY ONÜÇÜNCÜ SERBEST (DÖVİZ-AVRO) FON,TRYDNZP01031,108,0.600
DPB,DENİZ PORTFÖY SERBEST (DÖVİZ) FON,TRYDNZP00025,108,1.250
DPK,DENİZ PORTFÖY KİRA SERTİFİKALARI KATILIM (TL) FONU,TRYDNZP00058,114,1.500
DPT,DENİZ PORTFÖY BİST TEMETTÜ 25 ENDEKSİ HİSSE SENEDİ FONU ( HİSSE SENEDİ YOĞUN FON ),TRYDNZP00074,104,1.900
DRT,DENİZ PORTFÖY ROBOTİK TEKNOLOJİLERİ DEĞİŞKEN FON,TRYDNZP01866,101,2.000
DSD,DENİZ PORTFÖY İKİNCİ SERBEST (DÖVİZ_AVRO) FON,TRYDNZP00231,108,1.000
DSP,DENİZ PORTFÖY DENGELİ FON SEPETİ FONU,TRYDNZP00066,102,1.900
DTH,EMAA BLUE PORTFÖY DÖNÜŞÜM TEKNOLOJİLERİ HİSSE SENEDİ (TL) FONU (HİSSE SENEDİ YOĞUN FON),TRYEMAA00111,104,2.400
DTL,DENİZ PORTFÖY BIST 100 DIŞI ŞİRKETLER HİSSE SENEDİ (TL) FONU (HİSSE SENEDİ YOĞUN FON),TRYDNZP01007,104,2.750
DTM,DENİZ PORTFÖY TEMETTÜ ÖDEYEN ŞİRKETLER DEĞİŞKEN FON,TRYDNZP01619,101,2.000
DTZ,AK PORTFÖY ROBOTİK TEKNOLOJİLER DEĞİŞKEN FON,TRYAKPO01128,101,2.900
DUD,DENİZ PORTFÖY UZUN VADELİ SERBEST (DÖVİZ) FON,TRYDNZP01650,108,1.000
DUH,HEDEF PORTFÖY UFUK HİSSE SENEDİ SERBEST FON (HİSSE SENEDİ YOĞUN FON),TRYHDFP00680,108,3.000
DUV,DENİZ PORTFÖY UZUN VADELİ BORÇLANMA ARAÇLARI FONU,TRYDNZP01494,100,2.000
DVS,DENİZ PORTFÖY KISA VADELİ SERBEST (TL) FON,TRYDNZP01643,108,1.000
DVT,DENİZ PORTFÖY METAVERSE VE DİJİTAL YAŞAM TEKNOLOJİLERİ DEĞİŞKEN FON,TRYDNZP00801,101,2.000
DXP,DENİZ PORTFÖY İHRACATÇI ŞİRKETLER HİSSE SENEDİ FONU (HİSSE SENEDİ YOĞUN FON),TRYDNZP01106,104,2.900
DYN,DENİZ PORTFÖY ELEKTRİKLİ VE OTONOM ARAÇ TEKNOLOJİLERİ DEĞİŞKEN FON,TRYDNZP00769,101,2.500
DZE,DENİZ PORTFÖY BIST 100 ENDEKSİ HİSSE SENEDİ FONU(HİSSE SENEDİ YOĞUN FON),TRMDZEWWWWW1,104,1.900
DZM,DENİZ PORTFÖY BEŞİNCİ SERBEST (DÖVİZ) FON,TRYDNZP00371,108,1.500
EBD,GLOBAL MD PORTFÖY İKİNCİ DEĞİŞKEN FON,TRYECZM00023,101,1.940
EBI,EMAA BLUE PORTFÖY İKİNCİ SERBEST (DÖVİZ-AVRO) FON,TRYEMAA00061,108,0.000
EBS,EMAA BLUE PORTFÖY BİRİNCİ SERBEST (DÖVİZ-ABD DOLARI) FON,TRYEMAA00053,108,0.950
EC2,GLOBAL MD PORTFÖY BİRİNCİ HİSSE SENEDİ FONU(HİSSE SENEDİ YOĞUN FON),TRMEC2WWWWW1,104,2.740
ECA,GLOBAL MD PORTFÖY BİRİNCİ DEĞİŞKEN FON,TRMECKWWWWW5,101,1.940
EDT,DENİZ PORTFÖY TED EĞİTİME DESTEK SERBEST FON,TRYDNZP01338,108,2.000
EDU,İŞ PORTFÖY TEV EĞİTİME DESTEK DEĞİŞKEN FON,TRYISPO01264,101,2.000
EIB,QİNVEST PORTFÖY DEĞİŞKEN FON,TRYISVH00029,101,2.090
EID,QİNVEST PORTFÖY HİSSE SENEDİ FONU (HİSSE YOĞUN FON),TRYISVH00011,104,3.000
EKF,QİNVEST PORTFÖY KİRA SERTİFİKASI KATILIM (TL) FONU,TRYERPO00028,114,1.252
ELZ,QİNVEST PORTFÖY KATILIM HİSSE SENEDİ FONU (HİSSE SENEDİ YOĞUN FON),TRYQPYS00011,104,3.000
EML,AK PORTFÖY EMLAK SEKTÖRÜ DEĞİŞKEN FON,TRYAKPO01904,101,2.750
ENJ,AKTİF PORTFÖY ENERJİ ŞİRKETLERİ HİSSE SENEDİ (TL) FONU (HİSSE SENEDİ YOĞUN FON),TRYMKFT00414,104,2.850
EPA,EMAA BLUE PORTFÖY PARA PİYASASI KATILIM (TL) FONU,TRYEMAA00038,114,0.900
EPI,EMAA BLUE PORTFÖY İNŞAAT SEKTÖRÜ KATILIM FONU,TRYEMAA00079,114,2.400
EPK,EMAA BLUE PORTFÖY KIYMETLİ MADENLER KATILIM FON SEPETİ FONU,TRYEMAA00020,102,1.950
EPP,EMAA BLUE PORTFÖY PARA PİYASASI SERBEST FON,TRYEMAA00012,108,0.600
ESG,AKTİF PORTFÖY ESG SÜRDÜRÜLEBİLİRLİK SERBEST FON,TRYMKFT00182,108,2.100
EIL,QİNVEST PORTFÖY PARA PİYASASI FONU,TRMAITWWWWW1,107,0.799
EPT,EMAA BLUE PORTFÖY PARA PİYASASI (TL) FONU,TRYEMAA00087,107,0.700
ESP,AURA PORTFÖY EMTİA SERBEST FON,TRYTALP00101,108,2.000
EUN,GARANTİ PORTFÖY İKİNCİ SERBEST (DÖVİZ-AVRO) FON,TRYGAPO01290,108,0.800
EUZ,GARANTİ PORTFÖY SERBEST (DÖVİZ-AVRO) FON,TRYGAPO00490,108,0.600
EVM,DENİZ PORTFÖY ENERJİ VE MADENCİLİK SEKTÖRÜ DEĞİŞKEN FON,TRYDNZP01858,101,2.000
EYT,AKTİF PORTFÖY İKİNCİ FON SEPETİ FONU,TRYMKFT00307,102,1.000
FAK,FONMAP PORTFOY ALTIN KATILIM FONU - TRYFNVP00094,TRYFNVP00094,114,1.200
FAL,ONE PORTFOY ALTIN FONU - TRYGRIP00355,TRYGRIP00355,105,2.000
FBC,ONE PORTFÖY KAR PAYI ÖDEYEN KATILIM FONU,TRYGRIP00140,114,3.000
FBI,FİBA PORTFÖY BİRİNCİ SERBEST (DÖVİZ) FON,TRYFIBP00252,108,1.060
FBV,İŞ PORTFÖY MODEL SERBEST FON,TRYISPO00605,108,2.250
FBZ,FİBA PORTFÖY TEKNOLOJİ SERBEST FON,TRYFIBP00120,108,2.550
FCK,ONE PORTFÖY ÇOKLU VARLIK KATILIM FONU,TRYGRIP00173,114,1.500
FD1,ONE PORTFÖY BİRİNCİ DEĞİŞKEN FON,TRYGRIP00256,101,2.500
FDG,FONMAP PORTFOY BIRINCI DEGISKEN FON - TRYFNVP00011,TRYFNVP00011,101,1.500
FFH,QNB PORTFÖY ÇOKLU VARLIK KATILIM FONU,TRYFIPO00180,114,1.950
FFP,QNB PORTFÖY FON SEPETİ FONU,TRYFIPO00198,102,1.000
FI3,QNB PORTFÖY BORÇLANMA ARAÇLARI FONU,TRMFI3WWWWW2,100,1.789
FIB,FİBA PORTFÖY ALTIN FONU,TRYFIBA00015,105,1.500
FID,FİBA PORTFÖY ÇOKLU VARLIK İKİNCİ DEĞİŞKEN FON,TRYBEUR00025,101,2.920
FIL,FİBA PORTFÖY PARA PİYASASI (TL) FONU,TRYBEUR00017,107,1.200
FIT,FİBA PORTFÖY BORÇLANMA ARAÇLARI (TL) FONU,TRYBEUR00033,100,1.950
FJB,FIBA PORTFOY BLOK ZINCIRI TEKNOLOJILERI SERBEST FON - TRYFIBP00161,TRYFIBP00161,108,2.920
FJZ,FİBA PORTFÖY FIRTINA SERBEST (DÖVİZ) FON,TRYFIBP00153,108,0.750
FKE,QNB PORTFÖY KRİSTAL SERBEST (DÖVİZ-AVRO) FON,TRYFIPO00560,108,0.650
FLS,YAPI KREDİ PORTFÖY FLORYA SERBEST (DÖVİZ-AVRO) FON,TRYYAPO00980,108,1.000
FLY,AKTİF PORTFÖY HAVACILIK VE SAVUNMA TEKNOLOJİLERİ DEĞİŞKEN FON,TRYMKFT00455,101,2.000
FMG,QNB PORTFÖY GÜMÜŞ SERBEST FON,TRYFIPO00677,108,2.000
FMV,DENİZ PORTFÖY FMV IŞIK ÜNİVERSİTESİ EĞİTİME DESTEK SERBEST FON,TRYDNZP01692,108,2.000
FNO,QNB PORTFÖY BİRİNCİ DEĞİŞKEN FON,TRYFNBK00063,101,2.008
FNT,HEDEF PORTFÖY MODEL HİSSE SENEDİ SERBEST (TL) FON (HİSSE SENEDİ YOĞUN FON),TRYHDFP00599,108,3.000
FP4,ONE PORTFÖY DÖRDÜNCÜ HİSSE SENEDİ SERBEST FON (HİSSE SENEDİ YOĞUN FON),TRYGRIP00330,108,3.000
FPE,FİBA PORTFÖY EUROBOND BORÇLANMA ARAÇLARI (DÖVİZ)FONU,TRYFIBP00039,100,1.095
FPG,FİBA PORTFÖY GÜMÜŞ SERBEST FON,TRYFIBP00377,108,1.750
FPH,FİBA PORTFÖY HİSSE SENEDİ (TL) FONU (HİSSE SENEDİ YOĞUN FON),TRYFIBP00021,104,3.103
FPI,FONMAP PORTFÖY BİRİNCİ PARA PİYASASI (TL) FONU,TRYFNVP00078,107,1.000
FPK,FİBA PORTFÖY KISA VADELİ BORÇLANMA ARAÇLARI (TL) FONU,TRYFIBP00013,100,2.100
FPZ,QNB PORTFÖY BİRİNCİ SERBEST (DÖVİZ) FON,TRYFIPO00065,108,1.300
FS5,ONE PORTFÖY BİRİNCİ İSTATİSTİKSEL ARBİTRAJ HİSSE SENEDİ SERBEST FON (HİSSE SENEDİ YOĞUN FON),TRYGRIP00223,108,3.500
FS6,ONE PORTFÖY İKİNCİ İSTATİSTİKSEL ARBİTRAJ SERBEST FON,TRYGRIP00249,108,3.000
FSF,FİBA PORTFÖY PARA PİYASASI SERBEST (TL) FON,TRYFIBP00070,108,1.200
FSG,FİBA PORTFÖY BİRİNCİ HİSSE SENEDİ SERBEST FON (HİSSE SENEDİ YOĞUN FON),TRYFIBP00229,108,3.400
FSH,FİBA PORTFÖY FON SEPETİ SERBEST FON,TRYFIBP00237,108,2.950
FSK,QNB PORTFÖY İKİNCİ PARA PİYASASI (TL) FONU,TRYFIPO00123,107,1.300
FSP,FONMAP PORTFÖY SERBEST (DÖVİZ) FON,TRYFNVP00227,108,2.500
FSR,FİBA PORTFÖY İKİNCİ SERBEST (DÖVİZ-AVRO) FON,TRYFIBP00286,108,0.500
FSU,TERA PORTFOY FON SEPETI FONU - TRYTRPY00199,TRYTRPY00199,102,2.500
FTL,ONE PORTFÖY PARA PİYASASI KATILIM FONU,TRYGRIP00322,114,1.250
FUA,AK PORTFÖY İHRACATÇI ŞİRKETLER HİSSE SENEDİ (TL) FONU (HİSSE SENEDİ YOĞUN FON),TRYAKPO01169,104,2.900
FUB,QNB PORTFÖY EUROBOND (DÖVİZ) BORÇLANMA ARAÇLARI FONU,TRYFNBK00022,100,2.250
FYD,QNB PORTFÖY BİRİNCİ HİSSE SENEDİ FONU (HİSSE SENEDİ YOĞUN FON),TRMFYDWWWWW1,104,2.740
FYI,AZİMUT PORTFÖY 4.0 SERBEST FON,TRYAZIM00093,108,0.525
FYO,QNB PORTFÖY ÖZEL SEKTÖR BORÇLANMA ARAÇLARI FONU,TRMFYKWWWWW6,100,1.500
FZJ,FİBA PORTFÖY BİRİNCİ FON SEPETİ FONU,TRYFIBP00195,102,2.280
FZP,FİBA PORTFÖY SERBEST FON,TRYFIBP00112,108,1.200
GA1,GARANTİ PORTFÖY  BORÇLANMA ARAÇLARI FONU,TRMGA1WWWWW3,100,2.500
GAE,GARANTİ PORTFÖY BİST30 ENDEKSİ HİSSE SENEDİ FONU (HİSSE SENEDİ YOĞUN FON),TRMGAEWWWWW7,104,2.051
GAF,INVEO PORTFÖY BİRİNCİ HİSSE SENEDİ FONU (HİSSE SENEDİ YOĞUN FON),TRMGAFWWWWW4,104,2.500
GAG,INVEO PORTFÖY BİRİNCİ SERBEST (DÖVIZ)  FON,TRYGEPO00013,108,1.000
GAH,GARANTİ PORTFÖY MUTLAK GETİRİ HEDEFLİ DEĞİŞKEN FON,TRYGAPO00128,101,2.700
GAS,GARANTİ PORTFÖY ÜÇÜNCÜ SERBEST(DÖVİZ) FON,TRYGRAN00100,108,1.000
GBC,AZİMUT PORTFÖY YABANCI HİSSE SENEDİ FONU,TRYGLMK00013,104,2.500
ZPR,ZİRAAT PORTFÖY PARA PİYASASI SERBEST FON,TRYZIPO01103,108,1.000
GBG,INVEO PORTFOY YONETIMI AS G-20 ULKELERI YABANCI HISSE SENEDI FONU (HISSE SENEDI YOGUN FON) - TRYGDKM,TRYGDKM00036,104,2.500
GBH,GARANTİ PORTFÖY BİRİNCİ HİSSE SENEDİ SERBEST FON (HİSSE SENEDİ YOĞUN FON),TRYGAPO01209,108,3.200
GBJ,GARANTİ PORTFÖY BANKACILIK SEKTÖRÜ HİSSE SENEDİ SERBEST FON (HİSSE SENEDİ YOĞUN FON),TRYGAPO01308,108,3.200
GBN,GARANTİ PORTFÖY BEŞİNCİ SERBEST (TL) FON,TRYGAPO00151,108,1.500
GBV,GARANTİ PORTFÖY BLOCKCHAİN TEKNOLOJİLERİ DEĞİŞKEN FON,TRYGAPO00748,101,2.700
GBZ,AZİMUT PORTFÖY EMTİA FON SEPETİ FONU,TRYAZIM00721,102,2.750
GGK,INVEO PORTFÖY  ALTIN FON,TRYGEPO00104,105,1.500
GHS,GARANTİ PORTFÖY HİSSE SENEDİ FONU (HİSSE SENEDİ YOĞUN FON),TRMOSKWWWWW0,104,3.200
GID,GARANTİ PORTFÖY İNŞAAT SEKTÖRÜ DEĞİŞKEN FON,TRYGAPO01357,101,2.900
GIE,GARANTİ PORTFÖY GARANTİ BBVA İKLİM ENDEKSİ HİSSE SENEDİ (TL) FONU (HİSSE SENEDİ YOĞUN FON),TRYGAPO01175,104,2.000
GIH,ALLBATROSS PORTFÖY GIDA VE İÇECEK SEKTÖRÜ HİSSE SENEDİ FONU (HİSSE SENEDİ YOĞUN FON),TRYALBT00143,104,2.700
GJB,INVEO PORTFÖY BİRİNCİ FON SEPETİ FONU,TRYGEPO00120,102,0.500
GKF,GLOBAL MD PORTFÖY KATILIM FONU,TRYGMDP00043,114,1.900
GKG,GARANTİ PORTFÖY KAR PAYI ÖDEYEN HİSSE SENEDİ (TL) FONU (HİSSE SENEDİ YOĞUN FON),TRYGAPO01456,104,3.200
GKH,GARANTİ PORTFÖY PARA PİYASASI KATILIM SERBEST (TL) FON,TRYGAPO01043,108,1.000
GKV,GARANTİ PORTFÖY KATILIM HİSSE SENEDİ (TL) FONU (HİSSE SENEDİ YOĞUN FON),TRYGAPO01068,104,3.200
GL1,AZİMUT PYŞ BİRİNCİ HİSSE SENEDİ FONU (HİSSE SENEDİ YOĞUN FON),TRMGL1WWWWW0,104,3.203
GLC,AKTİF PORTFÖY ÜÇÜNCÜ FON SEPETİ FONU,TRYGMDP00118,102,1.900
GLG,AKTİF PORTFÖY CAPİTAL HİSSE SENEDİ SERBEST FON (HİSSE SENEDİ YOĞUN FON),TRYGMDP00126,108,3.050
GLS,AZİMUT PORTFÖY  KİRA SERTİFİKALARI (SUKUK) KATILIM FONU,TRYGLMK00047,114,2.400
GMA,AZİMUT PORTFÖY BİRİNCİ DEĞİŞKEN FON,TRMBYKWWWWW5,101,3.203
GMC,TEB PORTFÖY GÜMÜŞ FON SEPETİ FONU,TRYTEBP00260,102,2.190
GMD,GLOBAL MD PORTFÖY BİRİNCİ FON SEPETİ FONU,TRYGMDP00092,102,1.750
GMI,AK PORTFÖY GÜMÜŞ SERBEST FON,TRYAKPO01896,108,2.500
GMN,GLOBAL MD PORTFÖY BİRİNCİ PARA PİYASASI SERBEST (TL) FON,TRYGMDP00209,108,1.000
GMR,INVEO PORTFÖY BIST 30 DIŞI ŞİRKETLER HİSSE SENEDİ FONU (HİSSE SENEDİ YOĞUN FON),TRYGDKM00010,104,2.500
GNH,GLOBAL MD PORTFÖY ALGORİTMİK MODEL HİSSE SENEDİ FONU (HİSSE SENEDİ YOĞUN FON),TRYGMDP00167,104,2.900
GNS,GARANTİ PORTFÖY ENERJİ ŞİRKETLERİ HİSSE SENEDİ (TL) FONU (HİSSE SENEDİ YOĞUN FON),TRYGAPO01415,104,3.200
GO1,ONE PORTFÖY BİRİNCİ FON SEPETİ FONU,TRYGRIP00017,102,2.000
GO2,ONE PORTFÖY KATILIM FON SEPETİ FONU,TRYGRIP00025,102,2.000
GO3,ONE PORTFÖY ÜÇÜNCÜ FON SEPETİ FONU,TRYGRIP00033,102,2.250
GO4,ONE PORTFÖY DÖRDÜNCÜ FON SEPETİ FONU,TRYGRIP00041,102,2.250
GO6,ONE PORTFÖY PARA PİYASASI (TL) FONU,TRYGRIP00066,107,1.250
GOH,GARANTİ PORTFÖY BIST 100 DIŞI ŞİRKETLER HİSSE SENEDİ FONU (HİSSE SENEDİ YOĞUN FON),TRYGAPO00524,104,3.200
GOL,GARANTİ PORTFÖY ALTIN KATILIM FONU,TRYGAPO01274,114,1.950
GOP,GOLDEN GLOBAL PORTFÖY PARA PİYASASI KATILIM FONU,TRYGGLP00014,114,0.700
GPA,GARANTİ PORTFÖY EUROBOND BORÇLANMA ARAÇLARI (DÖVİZ) FONU,TRYGAPO00052,100,2.900
GPB,GARANTİ PORTFÖY BİRİNCİ DEĞİŞKEN FON,TRYGAPO00029,101,2.500
GPC,GARANTİ PORTFÖY İKİNCİ SERBEST ( DÖVİZ ) FON,TRYGAPO00136,108,1.000
GPF,GARANTİ PORTFÖY ÇOKLU VARLIK KATILIM FONU,TRYGAPO00011,114,1.830
GPG,INVEO PORTFÖY BİRİNCİ DEĞİŞKEN FON,TRYGEPO00039,101,2.280
GPI,GARANTİ PORTFÖY İKİNCİ DEĞİŞKEN FON,TRYGAPO00037,101,2.500
GPL,GARANTİ PORTFÖY BİRİNCİ SERBEST (DÖVİZ) FON,TRYGAPO00060,108,1.000
GPN,GARANTİ PORTFÖY PARA PİYASASI KATILIM (TL) FONU,TRYGAPO01555,114,1.000
GPT,AKTİF PORTFÖY ROBOTİK TEKNOLOJİLERİ DEĞİŞKEN FON,TRYMKFT00356,101,2.000
GPU,GARANTİ PORTFÖY ÜÇÜNCÜ DEĞİŞKEN FON,TRYGAPO00045,101,2.500
GPZ,GARANTİ PORTFÖY ÜÇÜNCÜ PARA PİYASASI FONU,TRYGAPO00615,107,0.950
GRL,QNB PORTFÖY AGRESİF SERBEST FON,TRYFIPO00701,108,2.500
GRO,GARANTİ PORTFÖY OTUZUNCU SERBEST (DÖVİZ) FON,TRYGAPO01191,108,0.960
GRT,GARANTİ PORTFÖY TEKNOLOJİ ŞİRKETLERİ HİSSE SENEDİ (TL) FONU (HİSSE SENEDİ YOĞUN FON),TRYGAPO01423,104,3.200
GSP,AZİMUT PYŞ KAR PAYI ÖDEYEN HİSSE SENEDİ FONU (HİSSE SENEDİ YOĞUN FON),TRMGLAWWWWW2,104,3.203
GTA,GARANTİ PORTFÖY ALTIN FONU,TRYGRAN00027,105,1.950
GTF,AZİMUT PYŞ BİRİNCİ BORÇLANMA ARAÇLARI FONU,TRMBD1WWWWW5,100,3.000
GTH,GARANTİ PORTFÖY İHRACATÇI ŞİRKETLER HİSSE SENEDİ (TL) FONU (HİSSE SENEDİ YOĞUN FON),TRYGAPO01407,104,3.200
GTM,GARANTİ PORTFÖY TEMETTÜ ÖDEYEN ŞİRKETLER HİSSE SENEDİ (TL) FONU (HİSSE SENEDİ YOĞUN FON),TRYGAPO01050,104,3.200
GTY,GARANTİ PORTFÖY TREND SERBEST FON,TRYGAPO00425,108,2.000
GTZ,GARANTİ PORTFÖY GÜMÜŞ FON SEPETİ FONU,TRYGAPO00391,102,2.900
GUB,GARANTİ PORTFÖY ÖZEL SEKTÖR BORÇLANMA ARAÇLARI FONU,TRYGAPO01324,100,2.000
GUH,GARANTİ PORTFÖY YABANCI TEKNOLOJİ HİSSE SENEDİ FONU,TRYGRAN00571,104,3.000
GUK,GARANTİ PORTFÖY GÜMÜŞ KATILIM SERBEST FON,TRYGAPO01571,108,2.500
GUM,AK PORTFÖY GÜMÜŞ FON SEPETI FONU,TRYAKPO00898,102,2.900
GUV,GARANTİ PORTFÖY UZUN VADELİ BORÇLANMA ARAÇLARI FONU,TRYGAPO01316,100,2.000
GVA,GARANTİ PORTFÖY ELEKTRİKLİ VE OTONOM ARAÇLAR DEĞİŞKEN FON,TRYGAPO00995,101,2.700
GVI,GARANTİ PORTFÖY ÜÇÜNCÜ FON SEPETİ FONU,TRYGAPO00938,102,1.900
GYK,INVEO PORTFÖY BORÇLANMA ARAÇLARI (TL) FONU,TRYGDKM00028,100,1.500
GZG,GARANTİ PORTFÖY SAĞLIK SEKTÖRÜ DEĞİŞKEN FON,TRYGAPO00656,101,2.700
GZH,GARANTİ PORTFÖY TEMİZ ENERJİ DEĞİŞKEN FON,TRYGAPO00417,101,2.700
GZJ,GARANTİ PORTFÖY İKİNCİ FON SEPETİ FONU,TRYGAPO00466,102,1.900
GZL,GARANTİ PORTFÖY TARIM VE GIDA SEKTÖRÜ DEĞİŞKEN FON,TRYGAPO00664,101,2.700
GZM,GLOBAL MD PORTFOY YONETIMI AS DINAMIK SERBEST FON - TRYGMDP00076,TRYGMDP00076,108,2.900
GZN,GLOBAL MD PORTFOY YONETIMI AS BOGAZICI SERBEST FON - TRYGMDP00050,TRYGMDP00050,108,2.500
GZP,GARANTİ PORTFÖY BİRİNCİ FON SEPETİ FONU,TRYGAPO00474,102,1.900
GZR,GARANTİ PORTFÖY SÜRDÜRÜLEBİLİRLİK HİSSE SENEDİ FONU (HİSSE SENEDİ YOĞUN FON),TRYGAPO00409,104,2.200
GZV,GARANTİ PORTFÖY ESG SÜRDÜRÜLEBİLİRLİK FON SEPETİ FONU,TRYGAPO00441,102,2.900
GZY,GARANTİ PORTFÖY TURİZM VE SEYAHAT SEKTÖRÜ DEĞİŞKEN FON,TRYGAPO00672,101,2.700
GZZ,GARANTİ PORTFÖY FİNANS SEKTÖRÜ DEĞİŞKEN FON,TRYGAPO00649,101,2.000
HAM,HEDEF PORTFÖY ALTIN KATILIM FONU,TRYHDFP00797,114,1.500
HAR,BV PORTFÖY HARMONY SERBEST FON,TRYBVPY00223,108,2.880
HAT,HEDEF PORTFÖY ATLAS İSTATİSTİKSEL ARBİTRAJ HİSSE SENEDİ SERBEST FON (HİSSE SENEDİ YOĞUN FON),TRYHDFP00706,108,4.000
HBF,HSBC PORTFÖY ALTIN FONU,TRMDAFWWWWW1,105,1.800
HBN,HSBC PORTFÖY BİRİNCİ FON SEPETİ FONU,TRYHSPO00078,102,2.000
HBU,HSBC PORTFÖY BİST 30 ENDEKSİ HİSSE SENEDİ FONU (HİSSE SENEDİ YOĞUN FON),TRMDUFWWWWW9,104,1.000
HDA,HEDEF PORTFÖY DÖRDÜNCÜ İSTATİSTİKSEL ARBİTRAJ HİSSE SENEDİ SERBEST (TL) FON (HİSSE SENEDİ YOĞUN FON),TRYHDFP00557,108,3.500
HDK,HEDEF PORTFÖY VEGA İSTATİSTİKSEL ARBİTRAJ HİSSE SENEDİ SERBEST FON (HİSSE SENEDİ YOĞUN FON),TRYHDFP00516,108,5.000
HEH,HEDEF PORTFÖY ALGO EVEREST İSTATİSTİKSEL ARBİTRAJ HİSSE SENEDİ SERBEST FON (HİSSE SENEDİ YOĞUN FON),TRYHDFP00417,108,4.500
HFI,HEDEF PORTFÖY İKİNCİ KATILIM HİSSE SENEDİ SERBEST FON (HİSSE SENEDİ YOĞUN FON),TRYHDFP00656,108,2.000
HFR,A1 CAPITAL PORTFOY HISSE SENEDI (TL) FONU (HISSE SENEDI YOGUN FON) - TRYA1PS00067,TRYA1PS00067,104,2.750
HGM,HEDEF PORTFÖY İKİNCİ HİSSE SENEDİ (TL) FONU (HİSSE SENEDİ YOĞUN FON),TRYHDFP00490,104,2.700
HGR,HEDEF PORTFOY ALGORITMIK STRATEJILER SERBEST FON - TRYHDFP01167,TRYHDFP01167,108,3.750
HIA,HEDEF PORTFÖY İSTATİSTİKSEL ARBİTRAJ SERBEST FON,TRYHDFP01142,108,3.500
HIH,GARANTİ  PORTFÖY HOLDİNGLER VE İŞTİRAKLERİ HİSSE SENEDİ (TL) FONU (HİSSE SENEDİ YOĞUN FON),TRYGAPO01514,104,3.200
HIM,HEDEF PORTFÖY İKİNCİ MUTLAK GETİRİ HEDEFLİ HİSSE SENEDİ SERBEST FON (HİSSE SENEDİ YOĞUN FON),TRYHDFP00524,108,3.750
HIZ,AZİMUT PORTFÖY DİNAMİK DEĞİŞKEN FON,TRYAZIM01406,101,2.350
HJB,HEDEF PORTFÖY BİRİNCİ DEĞİŞKEN FON,TRYHDFP00169,101,3.000
HKG,ZİRAAT PORTFÖY HALK'IN ÜRETEN KADINLARI DEĞİŞKEN FON,TRYZIPO00949,101,2.250
HKH,HEDEF PORTFÖY KATILIM HİSSE SENEDİ (TL) FONU (HİSSE SENEDİ YOĞUN FON),TRYHDFP00334,104,2.700
HKJ,HEDEF PORTFÖY PARA PİYASASI SERBEST FON,TRYHDFP00789,108,1.000
HKR,HSBC PORTFÖY KIRMIZI HİSSE SENEDİ SERBEST (TL) FON (HİSSE SENEDİ YOĞUN FON),TRYHSPO00086,108,2.900
HMC,HEDEF PORTFÖY EKİNOKS SERBEST (TL) FON,TRYHDFP00193,108,3.000
HMG,HSBC PYŞ MUTLAK GETİRİ HEDEFLİ HİSSE SENEDİ SERBEST (TL) FON(HİSSE SENEDİ YOĞUN FON),TRYHSPO00037,108,2.500
HML,HEDEF PORTFÖY KATILIM SERBEST (DÖVİZ) FON,TRYHDFP01035,108,0.750
HMS,HSBC PORTFÖY SÜRDÜRÜLEBİLİRLİK HİSSE SENEDİ (TL) FONU (HİSSE SENEDİ YOĞUN FON),TRYHSPO00045,104,2.000
HNC,HEDEF PORTFÖY ÜÇÜNCÜ HİSSE SENEDİ FONU (HİSSE SENEDİ YOĞUN FON),TRYHDFP00946,104,3.000
HOA,HSBC PORTFÖY TEKNOLOJİ DEĞİŞKEN FON,TRYHSBC00461,101,1.752
HOY,HSBC PORTFÖY YABANCI BYF FON SEPETI,TRYHSBC00479,102,2.008
HP3,HEDEF PORTFÖY LİDYA SERBEST (DÖVİZ) FON,TRYHDFP00425,108,0.750
HPD,HSBC PORTFÖY İKİNCİ DEĞİŞKEN FON,TRYHSBC00180,101,2.500
HPH,HEDEF PORTFÖY PARA PIYASASI KATILIM FONU,TRYHDFP00839,114,1.250
HPO,HSBC PORTFÖY ÇOKLU VARLIK BİRİNCİ DEĞİŞKEN FON,TRYHSBC00198,101,1.533
HPT,HSBC PORTFÖY KISA VADELİ BORÇLANMA ARAÇLARI (TL) FONU,TRYHSBC00362,100,2.370
HSA,HSBC PORTFÖY DEĞİŞKEN (TL) FON,TRMDM1WWWWW2,101,2.500
HSL,HSBC PORTFÖY PARA PİYASASI (TL) FONU,TRMDM2WWWWW0,107,1.250
HST,HSBC PORTFÖY  BORÇLANMA ARAÇLARI (TL) FONU,TRMDBTWWWWW0,100,2.190
HTF,HSBC PORTFÖY PARA PİYASASI SERBEST (TL) FON,TRYHSPO00201,108,1.000
HTJ,HEDEF PORTFÖY TEKNOLOJİ DEĞİŞKEN FON,TRYHDFP00847,101,2.950
HTS,HSBC PORTFÖY ALTINCI SERBEST (DÖVİZ) FON,TRYHSPO00193,108,2.000
HVI,DENİZ PORTFÖY HOLDİNGLER VE İŞTİRAKLERİ HİSSE SENEDİ (TL) FONU (HİSSE SENEDİ YOĞUN FON),TRYDNZP01742,104,1.900
HVK,HEDEF PORTFÖY BİRİNCİ BORÇLANMA ARAÇLARI (TL) FONU,TRYHDFP00243,100,2.250
HVT,ALLBATROSS PORTFÖY BİRİNCİ PARA PİYASASI (TL) FONU,TRYALBT00028,107,1.250
HVU,ALLBATROSS PORTFÖY BİRİNCİ DEĞİŞKEN FON,TRYALBT00036,101,2.100
HVZ,ALLBATROSS PORTFÖY BİRİNCİ HİSSE SENEDİ (TL) FONU (HİSSE SENEDİ YOĞUN FON),TRYALBT00044,104,2.700
HYP,AZİMUT PORTFÖY İVME SERBEST FON,TRYAZIM00382,108,3.200
HYU,HSBC PORTFÖY KISA VADELİ SERBEST (TL) FON,TRYHSPO00177,108,0.750
HYV,HEDEF PORTFÖY PARA PİYASASI (TL) FONU,TRYHDFP00078,107,1.250
IAE,İSTANBUL PORTFÖY AGRESİF DEĞİŞKEN FON,TRYISTP00604,101,3.150
IAM,İŞ PORTFÖY AGRESİF FON SEPETİ FONU,TRYISPO01512,102,2.500
IAR,İSTANBUL PORTFÖY DÖRDÜNCÜ SERBEST FON,TRYISTP00067,108,2.621
IAT,İŞ PORTFÖY KİRA SERTİFİKALARI KATILIM (TL) FONU,TRYISMD00027,114,1.750
IAU,PARDUS PORTFÖY İKİNCİ İSTATİSTİKSEL ARBİTRAJ HİSSE SENEDİ SERBEST (TL) FON (HİSSE SENEDİ YOĞUN FON),TRYA1PY00164,108,1.500
IAY,INVEO PORTFÖY ALTIN KATILIM FONU,TRYGEPO00542,114,1.500
IBB,İŞ PORTFÖY ATAK DEĞİŞKEN FON,TRYISPO00183,101,2.000
ICA,ICBC TURKEY PORTFÖY ALTIN FONU,TRYTKSB00014,105,1.750
ICC,ICBC TURKEY PORTFÖY İKİNCİ DEĞİŞKEN FON,TRMTMDWWWWW7,101,2.000
ICD,ICBC TURKEY PORTFÖY BİRİNCİ DEĞİŞKEN FON,TRMTL2WWWWW3,101,1.950
ICE,ICBC TURKEY PORTFOY PARA PİYASASI (TL) FONU,TRMTL1WWWWW5,107,1.240
ICF,ICBC TURKEY PORTFÖY HİSSE SENEDİ FONU(HİSSE SENEDİ YOĞUN FON),TRMTL3WWWWW1,104,2.000
ICS,ICBC TURKEY PORTFÖY SERBEST (DÖVİZ) FON,TRYICBC00018,108,1.000
ICV,ICBC TURKEY PORTFÖY BİRİNCİ SERBEST FON,TRYICBC00026,108,0.750
ICZ,AK PORTFÖY TEKNOLOJİ ŞİRKETLERİ HİSSE SENEDİ (TL) FONU (HİSSE SENEDİ YOĞUN FON),TRYAKPO00880,104,2.900
IDD,LOGOS PORTFÖY DİNAMİK DAĞIMLI SERBEST FON,TRYISMD00167,108,2.099
IDF,İŞ PORTFÖY SERBEST (DÖVİZ) FON,TRYISPO00241,108,1.000
IDH,İŞ PORTFÖY BIST 100 DIŞI ŞİRKETLER HİSSE SENEDİ (TL) FONU (HİSSE SENEDİ YOĞUN FON),TRYISPO00613,104,3.200
IDI,AZİMUT PORTFÖY İNŞAAT SEKTÖRÜ HİSSE SENEDİ FONU (HİSSE SENEDİ YOĞUN FON),TRYAZIM01505,104,2.950
IDL,AKTİF PORTFÖY PARA PİYASASI (TL) FONU,TRYMKFT00190,107,0.950
IDO,İŞ PORTFÖY ONDOKUZUNCU SERBEST (DÖVİZ-AVRO) FON,TRYISPO01462,108,0.600
IDY,TEB PORTFÖY İKİNCİ DEĞİŞKEN FON,TRYOYKB00013,101,2.500
IEN,İSTANBUL PORTFÖY İNŞAAT SEKTÖRÜ HİSSE SENEDİ SERBEST (TL) FON (HİSSE SENEDİ YOĞUN FON),TRYISTP00810,108,0.000
IEV,İŞ PORTFÖY TAŞIMACILIK DEĞİŞKEN FON,TRYISPO00894,101,2.500
IFN,ICBC TURKEY PORTFÖY SÜRDÜRÜLEBİLİRLİK HİSSE SENEDİ FONU(HİSSE SENEDİ YOĞUN FON),TRYICBC00042,104,2.000
IFV,ICBC TURKEY PORTFÖY BİRİNCİ KISA VADELİ BORÇLANMA ARAÇLARI (TL) FONU,TRYICBC00059,100,1.700
IHA,ALLBATROSS PORTFÖY İKİNCİ HİSSE SENEDİ (TL) FONU (HİSSE SENEDİ YOĞUN FON),TRYALBT00150,104,2.750
IHC,INVEO PORTFÖY INTER SERBEST FON,TRYGEPO00229,108,2.280
IHK,İŞ PORTFÖY İŞ'TE KADIN HİSSE SENEDİ (TL) FONU (HİSSE SENEDİ YOĞUN FON),TRYISPO00654,104,3.200
IHP,İSTANBUL PORTFÖY İKİNCİ HİSSE SENEDİ SERBEST (TL) FON (HİSSE SENEDİ YOĞUN FON),TRYISTP00638,108,3.150
IHT,İŞ PORTFÖY İHRACATÇI ŞİRKETLER HİSSE SENEDİ (TL) FONU (HİSSE SENEDİ YOĞUN FON),TRYISPO00993,104,3.200
IHV,INVEO PORTFÖY BEŞİNCİ HİSSE SENEDİ SERBEST FON (HİSSE SENEDİ YOĞUN FON),TRYGEPO00518,108,2.500
IHZ,ALLBATROSS PORTFÖY İKİNCİ HİSSE SENEDİ SERBEST FON (HİSSE SENEDİ YOĞUN FON),TRYALBT00267,108,3.150
IIE,ISTANBUL PORTFOY ONDORDUNCU SERBEST FON   - TRYISTP00497,TRYISTP00497,108,3.150
ICH,PARDUS PORTFÖY İKİNCİ DEĞİŞKEN FON,TRYA1PY00313,101,1.500
HVS,HSBC PORTFÖY HİSSE SENEDİ (TL) FONU (HİSSE SENEDİ YOĞUN FON),TRYHSBC00016,104,2.500
IIH,İSTANBUL PORTFÖY ÜÇÜNCÜ HİSSE SENEDİ FONU (HİSSE SENEDİ YOĞUN FON),TRYISTP00109,104,2.500
IIN,INVEO PORTFÖY PARA PİYASASI SERBEST (TL) FON,TRYGEPO00617,108,1.050
IJA,INVEO PORTFÖY ATAK DEĞİŞKEN FON,TRYGEPO00138,101,2.000
IJB,İŞ PORTFÖY DİJİTAL OYUN SEKTÖRÜ KARMA FON,TRYISPO00688,110,2.750
IJC,İŞ PORTFÖY YARI İLETKEN TEKNOLOJİLERİ DEĞİŞKEN FON,TRYISPO00704,101,2.500
IJH,ICBC TURKEY PORTFÖY BİRİNCİ FON SEPETİ FONU,TRYICBC00034,102,0.750
IJP,İŞ PORTFÖY BLOCKCHAİN TEKNOLOJİLERİ KARMA FON,TRYISPO00670,110,2.750
IJT,İŞ PORTFÖY TARIM SERBEST FON,TRYISPO00712,108,2.500
IJV,İSTANBUL PORTFÖY BİRİNCİ PARA PİYASASI (TL) FONU,TRYISTP00232,107,1.050
IJZ,İŞ PORTFÖY SİBER GÜVENLİK TEKNOLOJİLERİ DEĞİŞKEN FON,TRYISPO00696,101,2.500
IKL,İŞ PORTFÖY SAĞLIK ŞİRKETLERİ KARMA FON,TRYISPO00639,110,2.750
IKP,İŞ PORTFÖY YENİLENEBİLİR ENERJİ KARMA FON,TRYISPO00662,110,2.500
IKV,İŞ PORTFÖY İKİNCİ KISA VADELİ BORÇLANMA ARAÇLARI (TL) FONU,TRYISPO01710,100,2.000
ILZ,İŞ PORTFÖY TEMKİNLİ FON SEPETİ FONU,TRYISPO00647,102,2.500
IMB,İSTANBUL PORTFÖY ALGORİTMİK MODEL HİSSE SENEDİ FONU (HİSSE SENEDİ YOĞUN FON),TRYISTP00737,104,2.625
IMF,İSTANBUL PORTFÖY MAESTRO SERBEST FON,TRYISTP00117,108,3.150
IML,İŞ PORTFÖY MODEL PORTFÖY HİSSE SENEDİ (TL) FONU (HİSSE SENEDİ YOĞUN FON),TRYISPO01553,104,3.200
IOG,İŞ PORTFÖY GÜMÜŞ SERBEST FON,TRYISPO00597,108,2.500
IOO,İŞ PORTFÖY İKİNCİ PARA PİYASASI (TL) FONU,TRYISPO00969,107,1.050
IPB,İSTANBUL PORTFÖY YÖNETİMİ DEĞİŞKEN ŞEMSİYE FONA BAĞLI BİRİNCİ DEĞİŞKEN FON - TRYISMD00159,TRYISMD00159,101,2.100
IPG,İŞ PORTFÖY ATAK FON SEPETİ FONU,TRYISPO00076,102,2.500
IPJ,İŞ PORTFÖY ELEKTRİKLİ ARAÇLAR KARMA FON,TRYISPO00191,110,2.500
IPV,İŞ PORTFÖY EUROBOND BORÇLANMA ARAÇLARI (DÖVİZ) FONU,TRYISPO00100,100,2.000
IRB,ISTANBUL PORTFOY ISTATISTIKSEL ARBITRAJ HISSE SENEDI SERBEST FON (HISSE SENEDI YOGUN FON) - TRYISTP0,TRYISTP00836,108,0.000
IRF,İSTANBUL PORTFÖY BİRİNCİ FON SEPETİ FONU,TRYISTP00372,102,2.000
IRO,İSTANBUL PORTFÖY ROBOTİK TEKNOLOJİLERİ SERBEST FON,TRYISTP00588,108,3.150
IRT,INVEO PORTFÖY TEKNOLOJİ DEĞİŞKEN FON,TRYGEPO00179,101,1.950
IRV,İSTANBUL PORTFÖY İSTATİSTİKSEL ARBİTRAJ SERBEST FON,TRYISTP00315,108,3.000
IRY,INVEO PORTFÖY PARA PİYASASI (TL) FONU,TRYGEPO00427,107,0.890
IST,İSTANBUL PORTFÖY KISA VADELİ BORÇLANMA ARAÇLARI (TL) FONU,TRYISMD00076,100,1.600
ITC,INVEO PORTFÖY TEMETTÜ ÖDEYEN ŞİRKETLER HİSSE SENEDİ (TL) FONU (HİSSE SENEDİ YOĞUN FON),TRYGEPO00641,104,2.500
ITP,İŞ PORTFÖY TEKNOLOJİ KARMA FON,TRYISPO00621,110,2.750
IUF,İŞ PORTFÖY YEDİNCİ SERBEST (DÖVİZ-AVRO) FON,TRYISPO00837,108,0.500
IUH,INVEO PORTFÖY DÖNÜŞTÜRÜCÜ TEKNOLOJİLER FON SEPETİ FONU,TRYGEPO00252,102,2.000
IUV,İŞ PORTFÖY BEŞİNCİ SERBEST (DÖVİZ)  FON,TRYISPO00860,108,1.000
IV8,INVEO PORTFÖY KİRA SERTİFİKALARI KATILIM FONU,TRYGEPO00492,114,1.500
IVF,İSTANBUL PORTFÖY KATILIM HİSSE SENEDİ (TL) FONU (HİSSE SENEDİ YOĞUN FON),TRYISTP00356,104,2.500
IYB,AURA PORTFÖY DEĞİŞKEN FONU,TRMIYBWWWWW9,101,2.400
IZB,İSTANBUL PORTFÖY BİRİNCİ FON SEPETİ SERBEST FON,TRYISTP00208,108,1.050
IZS,İSTANBUL PORTFÖY ALTINCI SERBEST FON,TRYISTP00125,108,3.000
JET,ATA PORTFÖY HAVACILIK VE SAVUNMA TEKNOLOJİLERİ DEĞİŞKEN FON,TRYATAP00153,101,2.500
JUP,AURA PORTFÖY JÜPİTER SERBEST (DÖVİZ) FON,TRYTALP00135,108,1.950
KAV,KUVEYT TÜRK PORTFÖY ALTINCI KATILIM SERBEST (DÖVİZ-AVRO) FON,TRYKTPY00293,108,0.300
KCL,KARE PORTFÖY ÇOKLU VARLIK KATILIM FONU,TRYKARP00073,114,0.250
KCV,KUVEYT TÜRK PORTFÖY ÇOKLU VARLIK KATILIM FONU,TRYKTPY00327,114,2.500
KDE,KUVEYT TÜRK PORTFÖY DENGELİ KATILIM FONU,TRYKTPY00699,114,1.750
KDL,KUVEYT TÜRK PORTFÖY BEŞİNCİ KATILIM SERBEST (DÖVİZ) FON,TRYKTPY00301,108,0.300
KDO,İŞ PORTFÖY KATILIM SERBEST (DÖVİZ-AVRO) FON,TRYISPO01843,108,0.600
KDT,GARANTİ PORTFÖY KATILIM SERBEST (DÖVİZ) FON,TRYGAPO01282,108,0.400
KGM,KUVEYT TÜRK PORTFÖY GÜMÜŞ KATILIM FON SEPETİ FONU,TRYKTPY00525,102,1.800
KH1,AK PORTFÖY KATILIM HİSSE SENEDİ FONU (HİSSE SENEDİ YOĞUN FON),TRYAKPO01870,104,3.200
KHB,KARE PORTFÖY BIST 100 DIŞI ŞİRKETLER HİSSE SENEDİ FONU (HİSSE SENEDİ YOĞUN FON),TRYKARP00065,104,2.920
KHC,PARDUS PORTFÖY KATILIM HİSSE SENEDİ (TL) FONU (HİSSE SENEDİ YOĞUN FON),TRYA1PY00339,104,1.500
KHT,ALLBATROSS PORTFÖY KARTAL HİSSE SENEDİ SERBEST (TL) FON (HİSSE SENEDİ YOĞUN FON),TRYALBT00085,108,3.000
KIA,TRIVE PORTFÖY MUTLAK GETİRİ HEDEFLİ DEĞİŞKEN FON,TRYKIGP00046,101,2.150
KIB,TRIVE PORTFÖY ROBOTİK TEKNOLOJİLERİ DEĞİŞKEN FON,TRYKIGP00053,101,2.500
KID,TRIVE PORTFÖY BİRİNCİ SERBEST (DÖVİZ) FON,TRYKIGP00020,108,1.100
KIE,TRIVE PORTFÖY PARA PİYASASI (TL) FONU,TRYKIGP00012,107,1.130
KIF,TRIVE PORTFÖY EMTİA SERBEST FON,TRYKIGP00038,108,2.550
KIH,KARE PORTFÖY İSTATİSTİKSEL ARBİTRAJ SERBEST FON,TRYKARP00107,108,4.000
KIK,KUVEYT TÜRK PORTFÖY İKİNCİ KATILIM FONU,TRYKTPY00764,114,2.500
KIS,QİNVEST PORTFÖY KİRA SERTİFİKASI KATILIM (DÖVİZ) FONU,TRYERPO00010,114,1.252
KKC,KARE PORTFÖY KATILIM SERBEST (DÖVİZ-AVRO) FON,TRYKARP00099,108,0.500
KKH,İŞ PORTFÖY DENGELİ FON SEPETİ FONU,TRYISPO00571,102,2.500
KKL,ALLBATROSS PORTFÖY KISA VADELİ KATILIM SERBEST (TL) FON,TRYALBT00341,108,1.750
KLH,ATLAS PORTFOY KATILIM HISSE SENEDI SERBEST FON (HISSE SENEDI YOGUN FON) - TRYATLP00291,TRYATLP00291,108,1.500
KLI,AK PORTFÖY PARA PİYASASI KATILIM SERBEST FON,TRYAKPO01938,108,0.390
KLS,ALLBATROSS PORTFÖY KATILIM SERBEST (DÖVİZ) FON,TRYALBT00358,108,0.300
KLU,KUVEYT TÜRK PORTFÖY PARA PİYASASI KATILIM (TL) FONU,TRYKTPY00202,114,1.300
KME,KUVEYT TÜRK PORTFÖY TEMKİNLİ KATILIM FONU,TRYKTPY00707,114,1.400
KMF,AZİMUT PORTFÖY ALTIN KATILIM FONU,TRYAZIM01216,114,1.691
KMN,YAPI KREDI PORTFOY KIYMETLI MADENLER KATILIM FONU - TRYYAPO01178,TRYYAPO01178,105,1.800
KNI,AZİMUT PORTFÖY İKİNCİ PARA PİYASASI SERBEST (TL) FON,TRYAZIM01612,108,3.000
KNJ,KUVEYT TÜRK PORTFÖY ENERJİ KATILIM FONU,TRYKTPY00434,114,2.400
KOT,AZİMUT PORTFÖY KOÇ TOPLULUĞU ŞİRKETLERİ HİSSE SENEDİ FONU (HİSSE SENEDİ YOĞUN FON),TRYAZIM01562,104,1.050
KP3,KARE PORTFÖY ÜÇÜNCÜ SERBEST (DÖVİZ) FON,TRYKARP00081,108,0.500
KPA,KUVEYT TÜRK PORTFÖY KAR PAYI ÖDEYEN KATILIM HİSSE SENEDİ FONU (HİSSE SENEDİ YOĞUN FON),TRYKTPY00509,104,2.750
KPC,KUVEYT TÜRK PORTFÖY KATILIM HİSSE SENEDİ (TL) FONU (HİSSE SENEDİ YOĞUN FON),TRYKTPY00186,104,2.400
KPD,KUVEYT TÜRK PORTFÖY KAR PAYI ÖDEYEN KATILIM SERBEST (DÖVİZ) FON,TRYKTPY00533,108,0.800
KPF,NEO PORTFÖY MUTLAK GETİRİ HEDEFLİ HİSSE SENEDİ SERBEST FON (HİSSE SENEDİ YOĞUN FON),TRYVVGS00768,108,3.000
KPH,İŞ PORTFÖY KAR PAYI ÖDEYEN HİSSE SENEDİ (TL) FONU (HİSSE SENEDİ YOĞUN FON),TRYISPO01504,104,3.200
KPI,İŞ PORTFÖY PARA PİYASASI KATILIM (TL) FONU,TRYISPO01769,114,1.300
KPP,KARE PORTFÖY PARA PİYASASI FONU,TRYKARP00040,107,1.090
KPU,KUVEYT TÜRK PORTFÖY İKİNCİ KATILIM HİSSE SENEDİ (TL) FONU (HİSSE SENEDİ YOĞUN FON),TRYKTPY00392,104,2.200
KRA,TRİVE PORTFÖY KİRA SERTİFİKALARI KATILIM FONU,TRYKIGP00129,114,1.200
KRC,KARE PORTFÖY BİRİNCİ BORÇLANMA ARAÇLARI FONU,TRYKARE00036,100,1.460
KRF,KARE PORTFÖY BİRİNCİ DEĞİŞKEN FON,TRYKARP00016,101,2.190
KRR,İŞ PORTFÖY KARMA FON,TRYISPO01884,110,2.250
KRS,KARE PORTFÖY SERBEST (DÖVİZ) FON,TRYKARE00051,108,2.550
KRT,KARE PORTFÖY TÜRKİYE ODAKLI SERBEST (DÖVİZ ) FON,TRYKARP00024,108,1.095
KSA,HEDEF PORTFÖY KISA VADELİ SERBEST (TL) FON,TRYHDFP00565,108,2.250
KSK,AZİMUT PORTFÖY İKİNCİ PARA PİYASASI KATILIM FONU,TRYAZIM01240,114,1.050
KSR,KUVEYT TÜRK PORTFÖY SÜRDÜRÜLEBİLİRLİK KATILIM FONU,TRYKTPY00236,114,2.000
KST,ALLBATROSS PORTFÖY KATILIM HİSSE SENEDİ (TL) FONU (HİSSE SENEDİ YOĞUN FON),TRYALBT00275,104,2.625
KSV,KUVEYT TÜRK PORTFÖY KISA VADELİ KATILIM SERBEST (TL) FON,TRYKTPY00160,108,1.400
KTI,AZİMUT PORTFÖY KATILIM HİSSE SENEDİ FONU (HİSSE SENEDİ YOĞUN FON),TRYAZIM01190,104,2.625
KTJ,KUVEYT TÜRK PORTFÖY TEKNOLOJİ KATILIM FONU,TRYKTPY00442,114,2.400
KTM,KUVEYT TÜRK PORTFÖY BİRİNCİ KATILIM (TL) FONU,TRYKTPY00012,114,2.100
KTN,KUVEYT TÜRK PORTFÖY KİRA SERTİFİKALARI KATILIM (TL) FONU,TRYKTPY00020,114,1.500
KTR,KUVEYT TÜRK PORTFÖY BİRİNCİ KATILIM SERBEST (TL) FON,TRYKTPY00038,108,1.000
KTS,KUVEYT TÜRK PORTFÖY KATILIM HİSSE SENEDİ SERBEST FON (HİSSE SENEDİ YOĞUN FON),TRYKTPY00046,108,2.100
KTT,KUVEYT TÜRK PORTFÖY DÖRDÜNCÜ KATILIM SERBEST (DÖVİZ) FON,TRYKTPY00053,108,0.600
KTV,KUVEYT TÜRK PORTFÖY KISA VADELİ KİRA SERTİFİKALARI KATILIM (TL) FONU,TRYKTPY00061,114,1.500
KUA,KUVEYT TÜRK PORTFÖY AGRESİF KATILIM FONU,TRYKTPY00715,114,2.500
KUB,KARE PORTFÖY DEĞİŞKEN  (DÖVİZ) FONU,TRYKARE00044,101,2.190
KUD,KUVEYT TÜRK PORTFÖY DİNAMİK KATILIM FONU,TRYKTPY00723,114,2.000
KUT,KUVEYT TÜRK PORTFÖY KIYMETLİ MADENLER KATILIM FONU,TRYKTPY00228,114,1.800
KVK,HEDEF PORTFÖY KATILIM İSTATİSTİKSEL ARBİTRAJ SERBEST FON,TRYHDFP00581,108,0.000
KVR,ATLAS PORTFÖY KISA VADELİ KATILIM SERBEST FON,TRYATLP00507,108,1.200
KVS,AZİMUT PORTFÖY KISA VADELİ SERBEST (TL) FON,TRYAZIM01075,108,0.383
KVT,AK PORTFOY ENERJI SIRKETLERI HISSE SENEDI (TL) FONU (HISSE SENEDI YOGUN FON) - TRYAKPO01755,TRYAKPO01755,104,2.900
KYA,KARE PORTFÖY HİSSE SENEDİ FONU(HİSSE SENEDİ YOĞUN FON),TRYKARE00010,104,2.920
KYS,KARE PORTFÖY YEDİNCİ SERBEST (DÖVİZ) FON,TRYKARP00115,108,0.500
KZL,KUVEYT TÜRK PORTFÖY ALTIN KATILIM FONU,TRYKTPY00152,114,0.300
KZU,KUVEYT TÜRK PORTFÖY İKİNCİ ALTIN KATILIM FONU,TRYKTPY00467,114,1.500
LLA,ALLBATROSS PORTFOY AYDIN HISSE SENEDI SERBEST(TL) FON ( HISSE SENEDI YOGUN FON) - TRYALBT00168,TRYALBT00168,108,3.000
LPH,STATECH PORTFOY ISTATISTIKSEL ARBITRAJ SERBEST (TL) FON (HISSE SENEDI YOGUN FON) - TRYSTTC00021,TRYSTTC00021,108,3.500
MAC,MARMARA CAPITAL PORTFÖY HİSSE SENEDİ (TL) FONU (HİSSE SENEDİ YOĞUN FON),TRYSRMD00010,104,2.680
MAD,MEKSA PORTFÖY BİRİNCİ DEĞİŞKEN FON,TRMMADWWWWW7,101,2.000
MBL,MEKSA PORTFÖY İKİNCİ DEĞİŞKEN FON,TRMMAKWWWWW2,101,2.000
MBR,MT PORTFÖY BİRİNCİ BORÇLANMA ARAÇLARI FONU,TRYMTPY00133,100,1.313
MCU,AZIMUT PORTFOY MUTLAK GETIRI HEDEFLI HISSE SENEDI SERBEST FON (HISSE SENEDI YOGUN FON) - TRYAZIM0169,TRYAZIM01695,108,3.004
MD1,MT PORTFÖY BİRİNCİ DEĞİŞKEN FON,TRYMTPY00067,101,2.360
MD2,MT PORTFÖY İKİNCİ DEĞİŞKEN FON,TRYMTPY00059,101,3.100
MDF,FİBA PORTFÖY MODEL EMTİA FON SEPETİ SERBEST FON,TRYFIBP00401,108,3.500
MET,GARANTİ PORTFÖY METAVERSE VE YENİ TEKNOLOJİLER DEĞİŞKEN FON,TRYGAPO00920,101,2.700
MGB,İŞ PORTFÖY MUTLAK GETİRİ HEDEFLİ HİSSE SENEDİ SERBEST FON (HİSSE SENEDİ YOĞUN FON),TRYISPO01629,108,3.200
MGH,TEB PORTFÖY MUTLAK GETİRİ HEDEFLİ HİSSE SENEDİ SERBEST FON (HİSSE SENEDİ YOĞUN FON),TRYTEBP00427,108,2.500
MHF,MT PORTFÖY BIST HALKA ARZ ŞİRKETLERİ HİSSE SENEDİ FONU (HİSSE SENEDİ YOĞUN FON),TRYMTPY00083,104,2.625
MJB,AKTİF PORTFÖY BİRİNCİ FON SEPETİ FONU,TRYMKFT00257,102,2.000
MJG,AKTİF PORTFÖY GÜMÜŞ FON SEPETİ FONU,TRYMKFT00224,102,2.000
MJH,AKTİF PORTFÖY FORTUNA SERBEST FON,TRYMKFT00240,108,3.150
MJL,AKTİF PORTFÖY AKTİF SERBEST (DÖVİZ-AVRO) FON,TRYMKFT00232,108,0.530
MKA,MARMARA CAPİTAL PORTFÖY KATILIM HİSSE SENEDİ (TL) FONU (HİSSE SENEDİ YOĞUN FON),TRYMRMC00023,104,2.680
MKG,AKTİF PORTFÖY ALTIN KATILIM FONU,TRYMKFT00166,105,1.500
MLT,DENİZ PORTFÖY MELTEM HİSSE SENEDİ SERBEST (TL) FON (HİSSE SENEDİ YOĞUN FON),TRYDNZP01684,108,3.000
MMH,AKTİF PORTFÖY BIST 30 ENDEKSİ HİSSE SENEDİ (TL) FONU (HİSSE SENEDİ YOĞUN FON),TRYMKFT00174,104,1.500
MOZ,EMAA BLUE PORTFÖY MOZAİK SERBEST FON,TRYEMAA00046,108,2.400
MPE,MT PORTFÖY PARA PİYASASI KATILIM (TL) FONU,TRYMTPY00182,114,1.050
MPF,AKTİF PORTFÖY KISA VADELİ KİRA SERTİFİKASI KATILIM (TL) FONU,TRYMKFT00034,114,1.460
MPK,AKTİF PORTFÖY KİRA SERTİFİKASI KATILIM (TL) FONU,TRYMKFT00026,114,1.640
MPL,MT PORTFÖY PARA PİYASASI (TL) FONU,TRYMTPY00018,107,0.735
MPN,AKTİF PORTFÖY İKİNCİ AKTİF SERBEST (DÖVİZ) FON,TRYMKFT00133,108,1.570
MPP,MEKSA PORTFÖY PRİME SERBEST FON,TRYMKSP00019,108,3.000
MPS,AKTİF PORTFÖY KATILIM HİSSE SENEDİ (TL) FONU (HİSSE SENEDİ YOĞUN FON),TRYMKFT00018,104,2.370
MRI,TEB PORTFÖY MERİDYEN SERBEST FON,TRYTEBP00476,108,2.500
MT1,MT PORTFÖY BİRİNCİ SERBEST (DÖVİZ) FON,TRYMTPY00034,108,0.790
MT2,MT PORTFOY PARA PIYASASI SERBEST (TL) FON - TRYMTPY00075,TRYMTPY00075,108,1.050
MTD,BV PORTFÖY MALZEME TEKNOLOJİLERİ DEĞİŞKEN FON,TRYBVPY00181,101,2.500
AAL,ATA PORTFÖY PARA PİYASASI (TL) FONU,TRMAALWWWWW5,107,1.000
AC4,PARDUS  PORTFÖY PARA PİYASASI (TL) FON,TRYA1PY00040,107,1.000
MTF,MT PORTFÖY BİRİNCİ İSTATİSTİKSEL ARBİTRAJ HİSSE SENEDİ SERBEST (TL) FON (HİSSE SENEDİ YOĞUN FON),TRYMTPY00091,108,3.150
MTG,DENİZ PORTFÖY MUTLAK GETİRİ HEDEFLİ HİSSE SENEDİ SERBEST FON (HİSSE SENEDİ YOGUN FON),TRYDNZP01429,108,2.000
MTK,MT PORTFÖY KATILIM HİSSE SENEDİ (TL) FONU (HİSSE SENEDİ YOĞUN FON),TRYMTPY00141,104,2.410
MTS,AKTİF PORTFÖY TARIM VE SÜRDÜRÜLEBİLİRLİK FON SEPETİ FONU,TRYMKFT00265,102,2.250
MTV,AK PORTFÖY METAVERSE VE DİJİTAL YAŞAM TEKNOLOJİLERİ DEĞİŞKEN FON,TRYAKPO01193,101,2.900
MTX,TEB PORTFÖY METAVERSE VE DİJİTAL TEKNOLOJİLER DEĞİŞKEN FON,TRYTEBP00237,101,2.750
MUT,GARANTİ PORTFÖY MUTLAK GETİRİ HEDEFLİ HİSSE SENEDİ SERBEST FON (HİSSE SENEDİ YOĞUN FON),TRYGAPO01373,108,2.500
NAK,NEO PORTFÖY ALTIN KATILIM FONU,TRYVVGS01105,105,1.800
NAU,NEO PORTFOY ALTIN FONU - TRYVVGS00644,TRYVVGS00644,105,1.800
NBO,NEO PORTFÖY BORÇLANMA ARACI FONLARI FON SEPETİ FONU,TRYVVGS00925,102,1.500
NBZ,NEO PORTFÖY BİRİNCİ SERBEST (DÖVİZ) FON,TRYVVGS00198,108,1.500
NCS,NUROL PORTFÖY ÜÇÜNCÜ SERBEST (DÖVİZ) FON,TRYNRPO00268,108,0.750
NFF,NEO PORTFOY FON SEPETI SERBEST FON  - TRYVVGS00693,TRYVVGS00693,108,0.100
NHP,NEO PORTFÖY BİRİNCİ FON SEPETİ FONU,TRYVVGS00354,102,2.000
NHY,NEO PORTFÖY BİRİNCİ HİSSE SENEDİ (TL) FONU (HİSSE SENEDİ YOĞUN FON),TRYVVGS00438,104,2.900
NJF,NUROL PORTFÖY ALTIN KATILIM FONU,TRYNRPO00110,114,1.000
NJR,NUROL PORTFÖY BİRİNCİ BORÇLANMA ARAÇLARI FONU,TRYNRPO00144,100,1.850
NJY,NUROL PORTFÖY BİRİNCİ KATILIM FONU,TRYNRPO00128,114,1.500
NKA,NEO PORTFÖY KATILIM SERBEST (DÖVİZ) FON,TRYVVGS00842,108,1.000
NKC,NEO PORTFÖY İKİNCİ HİSSE SENEDİ FONU (HİSSE SENEDİ YOĞUN FON),TRYVVGS01014,104,2.800
NKM,NEO PORTFÖY KATILIM HİSSE SENEDİ FONU (HİSSE SENEDİ YOĞUN FON),TRYVVGS01147,104,2.800
NKP,NEO PORTFÖY KAR PAYI ÖDEYEN DEĞİŞKEN FON,TRYVVGS00941,101,2.250
NKT,NUROL PORTFÖY BİRİNCİ KATILIM HİSSE SENEDİ FONU (HİSSE SENEDİ YOĞUN FON),TRYNRPO00615,104,2.750
NLE,NUROL PORTFÖY EMLAK SEKTÖRÜ HİSSE SENEDİ FONU (HİSSE SENEDİ YOĞUN FON),TRYNRPO00672,104,2.750
NLK,NUROL PORTFÖY KISA VADELİ SERBEST FON,TRYNRPO00508,108,0.750
NME,NUROL PORTFÖY MERCAN KATILIM SERBEST (DÖVİZ) FON,TRYNRPO00557,108,0.750
NMU,NUROL PORTFÖY MUTLAK GETİRİ HEDEFLİ HİSSE SENEDİ SERBEST FON (HİSSE SENEDİ YOĞUN FON),TRYNRPO00763,108,4.000
NOI,TACİRLER PORTFÖY NOVA İSTATİSTİKSEL ARBİTRAJ SERBEST FON,TRYTACP00225,108,2.900
NPH,NUROL PORTFÖY BİRİNCİ HİSSE SENEDİ FONU (HİSSE SENEDİ YOĞUN FON),TRYNRPO00417,104,2.750
NRC,NEO PORTFÖY BİRİNCİ DEĞİŞKEN FON,TRYVVGS00248,101,2.900
NRG,NEO PORTFÖY BİRİNCİ PARA PİYASASI FONU,TRYVVGS00255,107,0.900
NSA,NEO PORTFÖY PARA PİYASASI KATILIM SERBEST FON,TRYVVGS00651,108,1.300
NSD,NUROL PORTFÖY DÖRDÜNCÜ SERBEST (DÖVİZ) FON,TRYNRPO00243,108,0.700
NSH,NUROL PORTFÖY İSTATİSTİKSEL ARBİTRAJ HİSSE SENEDİ SERBEST FON (HİSSE SENEDİ YOĞUN FON),TRYNRPO00409,108,4.000
NSK,NEO PORTFÖY BİRİNCİ SERBEST FON,TRYVVGS00024,108,3.500
NSP,NUROL PORTFÖY PARA PİYASASI KATILIM FONU,TRYNRPO00516,114,0.700
NST,İŞ PORTFÖY İNŞAAT SEKTÖRÜ HİSSE SENEDİ FONU (HİSSE SENEDİ YOĞUN FON),TRYISPO01744,104,3.200
NSY,NEO PORTFÖY YEDİNCİ SERBEST FON,TRYVVGS01048,108,2.750
NTI,NEO PORTFÖY TEKNOLOJİ VE İNOVASYON DEĞİŞKEN FON,TRYVVGS00958,101,2.250
NUB,NUROL PORTFÖY BEŞİNCİ SERBEST (DÖVİZ) FON,TRYNRPO00367,108,0.750
NUH,NEO PORTFÖY ÜÇÜNCÜ HİSSE SENEDİ FONU (HİSSE SENEDİ YOĞUN FON),TRYVVGS01071,104,2.800
NVB,NEO PORTFÖY İKİNCİ PARA PİYASASI (TL) FON,TRYVVGS00412,107,1.300
NVC,NEO PORTFÖY VENTO SERBEST FON,TRYVVGS00487,108,2.500
NVK,INVEO PORTFÖY KATILIM SERBEST (DÖVİZ) FON,TRYGEPO00526,108,1.000
NVT,NEO PORTFÖY ÜÇÜNCÜ SERBEST (TL) FON,TRYVVGS00420,108,2.000
NVZ,NEO PORTFÖY ORSA SERBEST (DÖVİZ) FON,TRYVVGS00479,108,1.250
NZH,NEO PORTFÖY İKİNCİ DEĞİŞKEN FON,TRYVVGS00057,101,2.750
NZT,NEO PORTFÖY PARA PİYASASI SERBEST FON,TRYVVGS00040,108,2.000
NZU,NUROL PORTFÖY ZÜMRÜT KATILIM SERBEST (DÖVİZ) FON,TRYNRPO00524,108,0.750
OBI,OYAK PORTFÖY İKİNCİ BORÇLANMA ARAÇLARI (TL) FONU,TRYOYKP00260,100,1.000
OBP,OYAK PORTFÖY İKİNCİ DEĞİŞKEN FON,TRYOYMD00049,101,1.700
ODD,OYAK PORTFÖY DÖRDÜNCÜ SERBEST FON,TRYOYKP00104,108,1.000
NNF,HEDEF PORTFÖY BİRİNCİ HİSSE SENEDİ (TL) FONU (HİSSE SENEDİ YOĞUN FON),TRYHDFP00060,104,2.700
ODP,OSMANLI PORTFÖY BİRİNCİ SERBEST FON,TRYOSMP00144,108,2.000
ODS,OYAK PORTFÖY İKİNCİ SERBEST(DÖVİZ) FON,TRYOYKP00047,108,0.803
ODV,AK PORTFÖY ÜÇÜNCÜ FON SEPETİ FONU,TRYAKPO00237,102,1.950
OFI,OYAK PORTFÖY İKİNCİ FON SEPETİ FONU,TRYOYKP00245,102,1.250
OFS,OYAK PORTFÖY BİRİNCİ FON SEPETİ FONU,TRYOYKP00161,102,0.500
OGD,OYAK PORTFÖY ALTIN KATILIM FONU,TRYOYKP00138,114,1.752
OHB,OYAK PORTFÖY BİRİNCİ HİSSE SENEDİ (TL) FONU (HİSSE SENEDİ YOĞUN FON),TRYOYKP00039,104,2.000
OHK,OYAK PORTFÖY KATILIM HİSSE SENEDİ (TL) FONU (HİSSE SENEDİ YOĞUN FON),TRYOYKP00286,104,2.000
OIL,OSMANLI PORTFÖY AGRESİF FON SEPETİ FONU,TRYOSMP00185,102,0.100
OIR,OSMANLI PORTFÖY DENGELİ FON SEPETİ FONU,TRYOSMP00193,102,0.100
OJB,QNB PORTFÖY BEŞİNCİ SERBEST (DÖVİZ) FON,TRYFIPO00222,108,1.000
OJK,QNB PORTFÖY ALTIN FONU,TRYFIPO00271,105,1.850
OJT,QNB PORTFÖY TEKNOLOJİ FON SEPETİ FONU,TRYFIPO00230,102,2.950
OKD,OYAK PORTFÖY BİRİNCİ DEĞİŞKEN FON,TRYOYMD00072,101,1.700
OKP,OYAK PORTFÖY BİRİNCİ KISA VADELİ BORÇLANMA ARAÇLARI (TL) FONU,TRYOYKP00088,100,1.400
OKT,OYAK PORTFÖY BİRİNCİ BORÇLANMA ARAÇLARI FONU,TRYOYMD00064,100,1.500
OLA,OSMANLI PORTFÖY İKİNCİ SERBEST (DÖVİZ- AVRO) FON,TRYOSMP00169,108,0.700
OLD,QNB PORTFÖY TEMİZ ENERJİ VE SU FON SEPETİ FONU,TRYFIPO00321,102,2.500
OLE,OSMANLI PORTFÖY BİRİNCİ FON SEPETİ FONU,TRYOSMP00151,102,0.100
ONE,AKTİF PORTFÖY BİRİNCİ HİSSE SENEDİ SERBEST (TL) FON (HİSSE SENEDİ YOĞUN FON),TRYMKFT00331,108,3.050
ONK,AK PORTFÖY ONİKİNCİ SERBEST (DÖVİZ-AVRO) FON,TRYAKPO01532,108,0.750
ONN,AKTİF PORTFÖY AKTİF ONİKS SERBEST (TL) FON,TRYMKFT00141,108,1.000
ONS,İŞ PORTFÖY ONİKİNCİ SERBEST (DÖVİZ) FON,TRYISPO01181,108,0.800
OPB,OSMANLI PORTFÖY BİRİNCİ DEĞİŞKEN FON,TRYOSMP00060,101,1.400
OPD,OSMANLI PORTFÖY ANKA SERBEST FON,TRYOSMP00078,108,1.400
OPF,OSMANLI PORTFÖY AGRESİF DEĞİŞKEN FON,TRYOSMP00219,101,2.750
OPH,OSMANLI PORTFÖY BİRİNCİ HİSSE SENEDİ FONU(HİSSE SENEDİ YOĞUN FON),TRYOSMP00094,104,2.600
OPI,OSMANLI PORTFÖY KAR PAYI ÖDEYEN HİSSE SENEDİ (TL) FONU (HİSSE SENEDİ YOĞUN FON),TRYOSMP00086,104,2.500
OPL,OSMANLI PORTFÖY İKİNCİ DEĞİŞKEN FON,TRYOSMP00110,101,1.400
ORC,QINVEST PORTFÖY ALFA SERBEST FON,TRYQPYS00128,108,2.100
OSD,OSMANLI PORTFÖY ÖZEL SEKTÖR BORÇLANMA ARAÇLARI FONU,TRYOSMP00029,100,1.000
OSL,OSMANLI PORTFÖY KISA VADELİ BORÇLANMA ARAÇLARI (TL) FONU,TRYONCM00010,100,1.200
OTJ,OYAK PORTFÖY KIYMETLİ MADENLER FON SEPETİ FONU,TRYOYKP00195,102,1.000
OTK,OYAK PORTFÖY BİRİNCİ KATILIM SERBEST FON,TRYOYKP00013,108,2.008
OTM,AZİMUT PORTFÖY OTOMOTİV SEKTÖRÜ DEĞİŞKEN FON,TRYAZIM01513,101,2.350
OUD,OSMANLI PORTFÖY ATLANTİK SERBEST (DÖVİZ) FON,TRYOSMP00128,108,0.800
OVD,QNB PORTFÖY EMTİA FON SEPETİ FONU,TRYFIPO00388,102,2.500
P1A,A1 CAPİTAL PORTFÖY PARA PİYASASI (TL) SERBEST FON,TRYA1PS00018,108,1.000
PAB,A1 CAPİTAL PORTFÖY PARA PİYASASI (TL) FONU,TRYA1PS00075,107,0.290
PAF,PARDUS PORTFOY YONETIMI AS ALTIN FONU - TRYA1PY00206,TRYA1PY00206,105,1.000
PAL,AK PORTFÖY ALTINCI SERBEST(DÖVİZ) FON,TRYAKPO00708,108,0.850
PAO,PARDUS PORTFOY ANADOLU HISSE SENEDI SERBEST FON (HISSE SENEDI YOGUN FON) - TRYA1PY00610,TRYA1PY00610,108,2.000
PBI,PARDUS PORTFÖY BİRİNCİ FON SEPETİ FONU,TRYA1PY00461,102,1.000
PBK,QİNVEST PORTFÖY BİRİNCİ KATILIM SERBEST(DÖVİZ) FON,TRYQPYS00078,108,1.000
PCE,PARDUS PORTFOY INCI SERBEST FON - TRYA1PY00677,TRYA1PY00677,108,2.000
PDD,QİNVEST PORTFÖY KATILIM FONU,TRYQPYS00060,114,2.088
PDF,QİNVEST PORTFÖY BİRİNCİ SERBEST (DÖVİZ) FON,TRYQPYS00052,108,1.000
PEA,PERFORM PORTFÖY ALTIN FONU,TRYPEPO00071,105,1.825
PFO,PHİLLİP PORTFÖY FON SEPETİ FONU,TRYPHPY00057,102,2.600
PFS,ATLAS PORTFÖY FON SEPETİ FONU,TRYATLP00184,102,1.050
PGD,QİNVEST PORTFÖY AGRESİF DEĞİŞKEN FON,TRYQPYS00300,101,2.100
PGS,AZİMUT PORTFÖY PAY GERİ ALIMI YAPAN ŞİRKETLER HİSSE SENEDİ FONU (HİSSE SENEDİ YOĞUN FON),TRYAZIM01570,104,2.350
PHI,PİRAMİT PORTFÖY HİSSE SENEDİ FONU (HİSSE SENEDİ YOĞUN FON),TRYPRMT00053,104,2.363
PHK,PHİLLİP PORTFÖY KATILIM HİSSE SENEDİ FONU (HİSSE SENEDİ YOĞUN FON),TRYPHPY00099,104,2.500
PID,PİRAMİT PORTFÖY DEĞİŞKEN FON,TRYPRMT00046,101,1.575
PIL,ROTA PORTFÖY PİL TEKNOLOJİLERİ VE ENERJİ FON SEPETİ FONU,TRYROTP00281,102,2.500
PIP,GARANTİ PORTFÖY İKİNCİ PARA PİYASASI SERBEST (TL) FON,TRYGAPO01506,108,0.700
PIR,PİRAMİT PORTFÖY ALTIN FONU,TRYPRMT00061,105,1.575
PIS,PARDUS PORTFÖY İKİNCİ KISA VADELİ SERBEST (TL) FON,TRYA1PY00784,108,1.000
PJL,PHİLLİP PORTFÖY PARA PİYASASI FONU,TRYPHPY00016,107,1.250
PJP,PERFORM PORTFÖY BİRİNCİ SERBEST (DÖVİZ) FON,TRYPEPO00022,108,0.750
PKD,PUSULA PORTFÖY İKİNCİ DENGE KATILIM SERBEST FON,TRYPSLP00150,108,4.000
PKF,ATA PORTFÖY ALTIN KATILIM FONU,TRYATAP00138,114,1.000
PKP,ATA PORTFÖY PARA PİYASASI KATILIM SERBEST FON,TRYATAP00203,108,0.800
PKR,ROTA PORTFÖY PARA PİYASASI KATILIM FONU,TRYROTP00877,114,1.000
PKT,YAPI KREDİ PORTFÖY PARA PİYASASI KATILIM SERBEST (TL) FON,TRYYAPO01038,108,0.600
PKV,PARDUS PORTFOY YONETIMI AS KISA VADELI SERBEST (TL) FON - TRYA1PY00511,TRYA1PY00511,108,1.250
PLR,OSMANLI PORTFÖY PARA PİYASASI FONU,TRYOSMP00250,107,0.420
PNU,PUSULA PORTFÖY İKİNCİ PARA PİYASASI (TL) FONU,TRYPSLP00168,107,1.100
PO9,PARDUS PORTFÖY ONDOKUZUNCU HİSSE SENEDİ SERBEST FON (HİSSE SENEDİ YOĞUN FON),TRYA1PY00594,108,2.000
PP1,PARDUS PORTFÖY BİRİNCİ KATILIM FONU,TRYA1PY00495,114,1.000
PPB,PHİLLİP PORTFÖY BİRİNCİ HİSSE SENEDİ FONU (HİSSE SENEDİ YOĞUN FON),TRYPHPY00024,104,2.900
PPE,PHİLLİP PORTFÖY SERBEST (DÖVİZ) FON,TRYPHPY00040,108,1.500
PPG,ALBARAKA PORTFÖY PARA PİYASASI KATILIM FONU,TRYAPYS00692,114,1.250
PPH,PARDUS PORTFÖY BIST 100 DIŞI ŞİRKETLER HİSSE SENEDİ (TL) FONU (HİSSE SENEDİ YOĞUN FON),TRYA1PY00545,104,2.000
PPI,YAPI KREDİ PORTFÖY ÜÇÜNCÜ PARA PİYASASI (TL) FONU,TRYYAPO00865,107,0.450
PPJ,AK PORTFÖY İKİNCİ PARA PİYASASI SERBEST (TL) FON,TRYAKPO01805,108,0.390
PPK,QNB PORTFÖY PARA PİYASASI KATILIM (TL) FONU,TRYFIPO00743,114,1.300
PPM,PİRAMİT PORTFÖY MUTLAK GETİRİ HEDEFLİ HİSSE SENEDİ SERBEST FON (HİSSE SENEDİ YOĞUN FON),TRYPRMT00012,108,2.100
PPN,NUROL PORTFÖY PARA PİYASASI (TL) FONU,TRYNRPO00029,107,0.700
PPP,PERFORM PORTFÖY PARA PİYASASI (TL) FONU,TRYPEPO00063,107,1.000
PPS,PHILLIP PORTFOY BIRINCI SERBEST FON - TRYPHPY00032,TRYPHPY00032,108,2.500
PPT,ATLAS PORTFÖY PARA PİYASASI (TL) FONU,TRYATLP00218,107,1.050
PPZ,AZİMUT PORTFÖY PARA PİYASASI (TL) FONU,TRYAZIM00341,107,1.300
PRD,PİRAMİT PORTFÖY PARA PİYASASI (TL) FONU,TRYPRMT00020,107,0.788
PRH,AURA PORTFÖY PARA PİYASASI (TL) FONU,TRYTALP00143,107,1.250
PRR,INVEO PORTFÖY PARA PİYASASI KATILIM (TL) FONU,TRYGEPO00625,114,1.155
PRU,ALLBATROSS PORTFÖY KISA VADELİ SERBEST (TL) FON,TRYALBT00119,108,1.000
PRV,QINVEST PORTFÖY PARA PİYASASI SERBEST FON,TRYQPYS00367,108,2.100
PRY,PUSULA PORTFOY PARA PIYASASI (TL) FONU - TRYPSLP00028,TRYPSLP00028,107,1.250
PSE,ATLAS PORTFOY PARA PIYASASI SERBEST FON - TRYATLP00309,TRYATLP00309,108,1.050
PSL,AZİMUT PORTFÖY 8.0 SERBEST FON,TRYAZIM00374,108,3.200
PTE,TEB PORTFÖY BİRİNCİ PARA PİYASASI SERBEST (TL) FON,TRYTEBP00542,108,0.750
PTF,QNB PORTFÖY TREND SERBEST FON,TRYFIPO00818,108,1.750
PTN,PHİLLİP PORTFÖY ALTIN FONU,TRYPHPY00107,105,2.100
PTO,PARDUS PORTFÖY TEMETTÜ ÖDEYEN ŞİRKETLER HİSSE SENEDİ FONU (HİSSE SENEDİ YOĞUN FON),TRYA1PY00537,104,2.000
PTP,AHLATCI PORTFÖY PARA PİYASASI (TL) FONU,TRYAHLP00023,107,1.000
PTS,QNB PORTFÖY PARA PİYASASI SERBEST (TL) FON,TRYFIPO00792,108,1.300
PUC,AK PORTFÖY BİRİNCİ KISA VADELİ SERBEST (TL)  FON,TRYAKPO00476,108,1.000
PVK,ALBARAKA PORTFÖY KISA VADELİ KATILIM SERBEST (TL) FON,TRYAPYS00098,108,1.000
PYR,PARDUS PORTFOY YIRMINCI HISSE SENEDI SERBEST FON (HISSE SENEDI YOGUN FON) - TRYA1PY00628,TRYA1PY00628,108,2.000
RBA,ALBARAKA PORTFÖY BEREKET VAKFI NA DESTEK ALTIN KATILIM FONU,TRYAPYS00049,114,1.000
RBB,RE-PIE PORTFÖY BİRİNCİ BORÇLANMA ARAÇLARI (TL) FONU,TRYRGGS01039,100,1.500
RBF,ROTA PORTFÖY BİRİNCİ BORÇLANMA ARAÇLARI FONU,TRYROTP00539,100,1.000
RBH,ALBARAKA PORTFÖY KATILIM HİSSE SENEDİ FONU (HİSSE SENEDİ YOĞUN FON),TRYAPYS00023,104,1.950
RBI,RE-PIE PORTFÖY BİRİNCİ SERBEST (DÖVİZ) FON,TRYRGGS00767,108,1.250
RBK,ALBARAKA PORTFÖY KATILIM FONU,TRYAPYS00031,114,1.500
RBL,QNB PORTFÖY ROBOTİK VE BLOCKCHAİN TEKNOLOJİLERİ SERBEST FON,TRYFIPO00776,108,2.750
RBN,RE-PIE PORTFÖY BEŞİNCİ HİSSE SENEDİ SERBEST (TL) FON (HİSSE SENEDİ YOĞUN FON),TRYRGGS00742,108,2.000
RBP,RE-PIE PORTFÖY BİRİNCİ PARA PİYASASI (TL) FONU,TRYRGGS00940,107,0.900
RBR,RE-PIE  PORTFÖY BİRİNCİ KATILIM SERBEST FON,TRYRGGS00577,108,1.500
RBT,ALBARAKA PORTFÖY KİRA SERTİFİKALARI  KATILIM FONU,TRYAPYS00056,114,1.000
RBV,ALBARAKA PORTFÖY KISA VADELİ KİRA SERTİFİKALARI KATILIM (TL) FONU,TRYAPYS00064,114,1.500
RCV,AZİMUT PORTFÖY BİRİNCİ ÇOKLU VARLIK KATILIM FONU,TRYAZIM01596,114,3.000
RD1,ROTA PORTFÖY BİRİNCİ DEĞİŞKEN FON,TRYROTP00562,101,2.000
RDF,ROTA PORTFOY DOKUZUNCU HISSE SENEDI SERBEST FON (HISSE SENEDI YOGUN FON) - TRYROTP00349,TRYROTP00349,108,2.000
RDT,PHİLLİP PORTFÖY RODOSTO SERBEST FON,TRYPHPY00081,108,3.000
RGD,RE-PIE PORTFÖY AGRESİF DEĞİŞKEN FON,TRYRGGS01211,101,1.750
RGH,RE-PIE PORTFÖY MUTLAK GETİRİ HEDEFLİ HİSSE SENEDİ SERBEST FON (HİSSE SENEDİ YOĞUN FON),TRYRGGS01203,108,3.000
RHI,RE-PIE PORTFÖY BİRİNCİ HİSSE SENEDİ (TL) FONU (HİSSE SENEDİ YOĞUN FON),TRYRGGS01047,104,2.000
RHS,ROTA PORTFÖY HİSSE SENEDİ (TL) FON (HİSSE SENEDİ YOĞUN FON),TRYROTP00158,104,2.500
RIA,ROTA PORTFÖY İSTATİSTİKSEL ARBİTRAJ HİSSE SENEDİ SERBEST FON (HİSSE SENEDİ YOĞUN FON),TRYROTP00844,108,3.600
RIH,RE-PIE PORTFÖY İKİNCİ HİSSE SENEDİ SERBEST FON (HİSSE SENEDİ YOĞUN FON),TRYRGGS00544,108,2.000
RIK,RE-PIE PORTFOY IKINCI DEGISKEN FON - TRYRGGS00569,TRYRGGS00569,101,1.500
RKC,ROTA PORTFÖY İKİNCİ DEĞİŞKEN FON,TRYROTP00778,101,2.000
RKH,RE-PIE PORTFÖY KATILIM HİSSE SENEDİ SERBEST (TL) FON (HİSSE SENEDİ YOĞUN FON),TRYRGGS00916,108,2.500
RKS,ROTA PORTFÖY KİRA SERTİFİKALARI KATILIM FONU,TRYROTP00554,114,1.200
RKV,RE-PIE PORTFÖY KISA VADELİ KATILIM SERBEST (TL) FON,TRYRGGS00833,108,1.000
ROF,ROTA PORTFOY ONUNCU SERBEST FON  - TRYROTP00307,TRYROTP00307,108,2.500
RPC,ROTA PORTFÖY İKLİM DEĞİŞİKLİĞİ ÇÖZÜMLERİ DEĞİŞKEN FON,TRYROTP00117,101,2.000
RPD,RE-PIE PORTFÖY BİRİNCİ DEĞİŞKEN FON,TRYRGGS00288,101,1.190
RPG,ROTA PORTFÖY ALTIN FONU,TRYROTP00034,105,1.600
RPI,ROTA PORTFÖY KATILIM HİSSE SENEDİ FONU (HİSSE SENEDİ YOĞUN FON),TRYROTP00521,104,2.500
RPL,RE-PIE PORTFÖY ALGORİTMİK STRATEJİLER SERBEST FON,TRYRGGS00965,108,3.000
RPM,ROTA PORTFÖY İLAÇ VE MEDİKAL TEKNOLOJİLERİ DEĞİŞKEN FON,TRYROTP00083,101,2.500
RPP,ROTA PORTFÖY PARA PİYASASI (TL) FONU,TRYROTP00067,107,0.900
RPS,ROTA PORTFÖY BİRİNCİ SERBEST (DÖVİZ) FON,TRYROTP00059,108,0.900
RPT,ROTA PORTFÖY İKİNCİ SERBEST (TL) FON,TRYROTP00075,108,1.000
RPX,ROTA PORTFÖY ÜÇÜNCÜ SERBEST (DÖVİZ) FON,TRYROTP00125,108,1.000
RRA,ROTA PORTFÖY PARA PİYASASI SERBEST FON,TRYROTP00901,108,0.350
RRP,RE-PIE PORTFÖY PARA PİYASASI KATILIM (TL) FON,TRYRGGS01054,114,0.900
RS1,ROTA PORTFÖY BİRİNCİ KISA VADELİ SERBEST FON,TRYROTP00851,108,1.000
RSK,ROTA PORTFÖY ONSEKİZİNCİ SERBEST FON,TRYROTP00752,108,2.625
RTD,RE-PIE PORTFÖY TEKNOLOJİ DEĞİŞKEN FON,TRYRGGS00866,101,2.500
RTG,ATA PORTFÖY ROBOTİK TEKNOLOJİLERİ DEĞİŞKEN FON,TRYATAP00120,101,2.500
RTH,RE-PIE PORTFÖY BİRİNCİ HİSSE SENEDİ SERBEST FON (HİSSE SENEDİ YOĞUN FON),TRYRGGS00536,108,2.000
RTP,RE PIE PORTFOY BIRINCI SERBEST FON - TRYRGGS00338,TRYRGGS00338,108,2.000
RUT,BV PORTFÖY ROBOTİK VE UZAY TEKNOLOJİLERİ DEĞİŞKEN FON,TRYBVPY00132,101,2.500
SAS,AK PORTFÖY SABANCI TOPLULUĞU ŞİRKETLERİ ENDEKSİ HİSSE SENEDİ (TL) FONU (HİSSE SENEDİ YOĞUN FON),TRYAKPO01680,104,2.000
SFS,AZİMUT PORTFÖY AGRESİF FON SEPETİ FONU,TRYAZIM01711,102,2.000
SGT,GARANTİ PORTFÖY SİBER GÜVENLİK TEKNOLOJİLERİ DEĞİŞKEN FON,TRYGAPO01449,101,2.700
SHE,TEB PORTFÖY ÖNCE KADIN DEĞİŞKEN FON,TRYTEBP00369,101,2.750
SKO,STRATEJİ PORTFÖY KAR PAYI ÖDEYEN HİSSE SENEDİ FONU (HİSSE SENEDİ YOĞUN FON),TRYSTRP00100,104,3.000
SKZ,NEO PORTFOY SEKIZINCI SERBEST FON  - TRYVVGS01097,TRYVVGS01097,108,3.000
SLG,QNB PORTFÖY ALGORİTMİK STRATEJİLER HİSSE SENEDİ FONU (HİSSE SENEDİ YOĞUN FON),TRYFIPO00859,104,3.000
SNY,ATLAS PORTFOY SANAYI SEKTORU HISSE SENEDI SERBEST FON(HISSE SENEDI YOGUN FON) - TRYATLP00325,TRYATLP00325,108,2.750
SOS,HEDEF PORTFÖY SAĞLIK SEKTÖRÜ DEĞİŞKEN FON,TRYHDFP00854,101,2.950
SPE,AZIMUT PORTFÖY 5.0 SERBEST (DÖVIZ) FON,TRYAZIM00184,108,1.500
SPN,AZİMUT PORTFÖY İSTATİSTİKSEL ARBİTRAJ HİSSE SENEDİ SERBEST FON (HİSSE SENEDİ YOĞUN FON),TRYAZIM00176,108,3.200
SPP,SPARTA PORTFÖY BİRİNCİ PARA PİYASASI (TL) FONU,TRYSPRT00027,107,1.000
SPR,BV PORTFÖY SPOR ENDÜSTRİSİ DEĞİŞKEN FON,TRYBVPY00140,101,2.500
SPT,AKTİF PORTFÖY KATILIM FON SEPETİ FONU,TRYMKFT00406,102,1.000
SRL,PARDUS PORTFÖY SÜRDÜRÜLEBİLİRLİK HİSSE SENEDİ (TL) FONU (HİSSE SENEDİ YOĞUN FON),TRYA1PY00651,104,2.000
SSK,DENİZ PORTFÖY SAĞLIK SEKTÖRÜ DEĞİŞKEN FON,TRYDNZP01411,101,2.500
SSS,YAPI KREDİ PORTFÖY SAVUNMA SANAYİİ ŞİRKETLERİ ENDEKSİ HİSSE SENEDİ FONU (HİSSE SENEDİ YOĞUN FON),TRYYAPO01012,104,2.000
ST1,STRATEJİ PORTFÖY BİRİNCİ HİSSE SENEDİ FONU(HİSSE SENEDİ YOĞUN FON),TRMST1WWWWW8,104,2.993
STI,ATLAS PORTFÖY SENTİMENT SERBEST FON,TRYATLP00358,108,3.250
SUA,ÜNLÜ PORTFÖY BİRİNCİ DEĞİŞKEN FON,TRYDUUM00010,101,2.000
SUB,ÜNLÜ PORTFÖY İKİNCİ DEĞİŞKEN FON,TRYDUUM00028,101,2.250
SUC,ÜNLÜ PORTFÖY ÜÇÜNCÜ DEĞIŞKEN FON,TRYUNPO00023,101,2.250
SUR,EMAA BLUE PORTFÖY SÜRDÜRÜLEBİLİRLİK HİSSE SENEDİ FONU (HİSSE SENEDİ YOĞUN FON),TRYEMAA00103,104,1.900
SVB,STRATEJİ PORTFÖY AGRESİF DEĞİŞKEN FON,TRYSTRP00050,101,2.000
TAL,ATLAS PORTFÖY ALTIN KATILIM FONU,TRYATLP00226,105,1.500
TAR,AK PORTFÖY TARIM VE GIDA TEKNOLOJİLERİ DEĞİŞKEN FON,TRYAKPO01458,101,2.900
TAU,İŞ PORTFÖY BIST BANKA ENDEKSİ HİSSE SENEDİ (TL) FONU (HİSSE SENEDİ YOĞUN FON),TRMTAUWWWWW6,104,1.900
TBT,TEB PORTFÖY BORÇLANMA ARAÇLARI FONU,TRMTE1WWWWW4,100,2.190
TBV,İŞ PORTFÖY ÖZEL SEKTÖR BORÇLANMA ARAÇLARI (TL) FONU,TRMTMEWWWWW5,100,1.750
TCA,ZİRAAT PORTFÖY ALTIN KATILIM FONU,TRYTCZB00057,114,1.200
TCB,TACİRLER PORTFÖY PARA PİYASASI FONU,TRYTCMD00010,107,1.250
TCC,TACİRLER PORTFÖY SERBEST ( DÖVİZ ) FON,TRYTCMD00028,108,2.500
TCD,TACİRLER PORTFÖY DEĞIŞKEN FON,TRMTCDWWWWW8,101,2.000
TCF,TEB PORTFÖY ÜÇÜNCÜ FON SEPETİ FONU,TRYTEBP00351,102,2.500
TDG,İŞ PORTFÖY YABANCI BORÇLANMA ARAÇLARI FONU,TRYTISB00034,100,1.500
TE3,TEB PORTFÖY MUTLAK GETİRİ HEDEFLİ DEĞİŞKEN FON,TRMTE3WWWWW0,101,1.650
TE4,TEB PORTFÖY BİRİNCİ DEĞİŞKEN FON,TRYTEBP00187,101,2.500
TEJ,AZİMUT PORTFÖY TEKNOLOJİ FON SEPETİ FONU,TRYAZIM01349,102,2.835
TFF,TEB PORTFÖY AMERİKA TEKNOLOJİ YABANCI BYF FON SEPETİ FONU,TRYTEBP00021,102,2.100
TFU,İŞ PORTFÖY TÜFEYE ENDEKSLİ BORÇLANMA ARAÇLARI (TL) FONU,TRYISPO01850,100,1.500
TGA,GARANTİ PORTFÖY AGRESİF DEĞİŞKEN FON,TRYGRAN00076,101,2.700
TGE,İŞ PORTFÖY EMTİA YABANCI BYF FON SEPETİ FONU,TRYTISB00042,102,2.500
TGR,AK PORTFÖY TURİZM VE SEYAHAT SEKTÖRÜ DEĞİŞKEN FON,TRYAKPO00997,101,2.900
THD,TRIVE PORTFÖY BİRİNCİ HİSSE SENEDİ (TL) FON,TRYKIGP00061,104,2.500
THT,TRİVE PORTFÖY HİSSE SENEDİ SERBEST FON (HİSSE SENEDİ YOĞUN FON),TRYKIGP00087,108,2.500
TI3,İŞ PORTFÖY İŞ BANKASI İŞTİRAKLERİ ENDEKSİ HİSSE SENEDİ (TL) FONU (HİSSE SENEDİ YOĞUN FON),TRMTI3WWWWW6,104,1.900
TI4,İŞ PORTFÖY TEMKİNLİ DEĞİŞKEN FON,TRMTI4WWWWW4,101,2.000
TI6,İŞ PORTFÖY BORÇLANMA ARAÇLARI (TL) FONU,TRMTI6WWWWW9,100,2.000
TI7,İŞ PORTFÖY DENGELİ DEĞİŞKEN FON,TRMTI7WWWWW7,101,2.000
TIE,İŞ PORTFÖY BIST 30 ENDEKSİ HİSSE SENEDİ (TL) FONU (HİSSE SENEDİ YOĞUN FON),TRMTIEWWWWW3,104,1.900
TIL,İŞ PORTFÖY KATILIM HİSSE SENEDİ (TL) FONU (HİSSE SENEDİ YOĞUN FON),TRYISPO01819,104,2.700
TJF,TEB PORTFÖY SÜRDÜRÜLEBİLİRLİK FON SEPETİ FONU,TRYTEBP00195,102,2.190
TJI,TEB PORTFÖY İKİNCİ FON SEPETİ FONU,TRYTEBP00203,102,2.190
TJT,TEB PORTFÖY ALTINCI SERBEST (DÖVİZ-AVRO) FON,TRYTEBP00229,108,1.000
TKF,TACİRLER PORTFÖY HİSSE SENEDİ FONU (HİSSE SENEDİ YOĞUN FON),TRMTA1WWWWW8,104,2.920
TI2,İŞ PORTFÖY HİSSE SENEDİ (TL) FONU (HİSSE SENEDİ YOĞUN FON),TRMTI2WWWWW8,104,3.200
TLE,AURA PORTFÖY YABANCI BORÇLANMA ARAÇLARI FONU,TRYTALP00028,100,1.950
TLH,AURA PORTFÖY HİSSE SENEDİ FONU (HİSSE SENEDİ YOĞUN FON),TRYTALP00010,104,2.750
TLK,AKTİF PORTFÖY PARA PİYASASI KATILIM (TL) FONU,TRYMKFT00497,114,1.200
TLV,TERA PORTFÖY PARA PİYASASI KATILIM (TL) FONU,TRYTRPY00181,114,1.000
TLZ,ATA PORTFÖY KATILIM HİSSE SENEDİ (TL) FONU (HİSSE SENEDİ YOĞUN FON),TRYATAP00054,104,2.250
TMC,İŞ PORTFÖY TEMA DEĞİŞKEN FON,TRYTISB00075,101,2.000
TMG,İŞ PORTFÖY YABANCI HİSSE SENEDİ FONU,TRMTYFWWWWW7,104,2.500
TMM,TERA PORTFÖY İKİNCİ SERBEST (DÖVİZ) FON,TRYTRPY00074,108,2.500
TMU,AZİMUT PORTFÖY TEMKİNLİ FON SEPETİ FONU,TRYAZIM01703,102,2.000
TMZ,İŞ PORTFÖY SÜRDÜRÜLEBİLİRLİK VE TARIM FON SEPETİ FONU,TRYISPO01405,102,2.000
TND,İŞ PORTFÖY TTF TENİSE DESTEK DEĞİŞKEN FON,TRYISPO01728,101,2.000
TOT,TEB PORTFÖY ÖZEL SEKTÖR BORÇLANMA ARAÇLARI FONU,TRMDPFWWWWW9,100,1.750
TP2,TERA PORTFOY PARA PIYASASI (TL) FONU - TRYTRPY00132,TRYTRPY00132,107,1.000
TPC,TEB PORTFÖY BİRİNCİ FON SEPETİ FONU,TRYTEBP00062,102,1.950
TPF,TACİRLER PORTFÖY BORÇLANMA ARAÇLARI FONU,TRYTACP00019,100,1.250
TPJ,TEB PORTFÖY BİRİNCİ SERBEST (DÖVİZ) FON,TRYTEBP00070,108,1.000
TPL,TEB PORTFÖY EUROBOND (DÖVİZ) BORÇLANMA ARAÇLARI FONU,TRYTEBP00054,100,2.900
TPP,TEB PORTFÖY PUSULA SERBEST FON,TRYTEBP00039,108,2.500
TPV,AURA PORTFÖY İKİNCİ DEĞİŞKEN FON,TRYTROY00028,101,2.600
TPZ,TEB PORTFÖY KİRA SERTİFİKALARI (DÖVİZ) KATILIM FONU,TRYTEBP00047,114,1.050
TRJ,TERA PORTFÖY BİRİNCİ BORÇLANMA ARAÇLARI (TL) FONU,TRYTRPY00157,100,0.000
TRU,TERA PORTFÖY KATILIM SERBEST (DÖVİZ) FON,TRYTRPY00116,108,0.000
TTA,İŞ PORTFÖY ALTIN FONU,TRYTISB00422,105,1.900
TTE,İŞ PORTFÖY BIST TEKNOLOJİ AĞIRLIK SINIRLAMALI ENDEKSİ HİSSE SENEDİ (TL) FONU (HİSSE SENEDİ YOĞUN FON),TRMTTEWWWWW0,104,1.900
TTL,TACİRLER PORTFÖY KARTOPU SERBEST FON,TRYTACP00050,108,2.000
TUA,TEB PORTFÖY ALTIN FONU,TRYTEBK00030,105,1.830
TVE,EMAA BLUE PORTFÖY TARIM VE GIDA SEKTÖRÜ KATILIM FONU,TRYEMAA00095,114,2.400
TVN,TRIVE PORTFÖY BİRİNCİ FON SEPETİ FONU,TRYKIGP00079,102,2.000
TZT,ZİRAAT PORTFÖY BORÇLANMA ARAÇLARI (TL) FONU,TRYTCZB00040,100,2.000
ULH,ÜNLÜ PORTFÖY ONUNCU SERBEST FON,TRYUNPO00239,108,3.500
UNT,İŞ PORTFÖY ÜÇÜNCÜ SERBEST (TL) FON,TRYISPO01686,108,0.900
UP1,ÜNLÜ PORTFÖY ALTIN FONU,TRYUNPO00312,105,1.800
UP2,ÜNLÜ PORTFÖY ONİKİNCİ SERBEST FON,TRYUNPO00320,108,1.000
UPD,ÜNLÜ PORTFÖY DÖRDÜNCÜ SERBEST (DÖVIZ) FON,TRYUNPO00049,108,1.000
UPH,ÜNLÜ PORTFÖY HİSSE SENEDİ (TL) FONU(HİSSE SENEDİ YOĞUN FON),TRYUNPO00114,104,2.810
UPP,ÜNLÜ PORTFÖY PARA PİYASASI (TL) FONU,TRYUNPO00148,107,1.000
URA,ATA PORTFOY ENERJI DEGISKEN FON - TRYATAP00161,TRYATAP00161,101,2.500
USY,ÜNLÜ PORTFÖY DEĞER YATIRIMLARI SERBEST FON,TRYDUUM00036,108,3.000
VAY,AK PORTFÖY DEĞER ODAKLI 100 ŞİRKETLERİ HİSSE SENEDİ (TL) FONU (HİSSE SENEDİ YOĞUN FON),TRYAKPO01581,104,3.300
VCY,AK PORTFÖY ELEKTRİKLİ VE OTONOM ARAÇ TEKNOLOJİLERİ DEĞİŞKEN FON,TRYAKPO01185,101,2.900
VFK,ZİRAAT PORTFÖY İKİNCİ KISA VADELİ KİRA SERTİFİKALARI KATILIM (TL) FONU,TRYZIPO00170,114,1.500
VMV,VEGA PORTFÖY MAVİ SERBEST FON,TRYVEGA00028,108,1.000
VNK,VEGA PORTFOY YONETIMI AS ANKA SERBEST FON - TRYVEGA00010,TRYVEGA00010,108,2.100
VPP,VEGA PORTFÖY PARLA SERBEST (DÖVİZ) FON,TRYVEGA00044,108,2.100
VRK,DENİZ PORTFÖY ÇOKLU VARLIK KATILIM FONU,TRYDNZP01726,114,1.950
YAC,YAPI KREDİ PORTFÖY İKİNCİ FON SEPETİ FONU,TRYYAPO00071,102,3.000
YAE,YAPI KREDİ PORTFÖY TLREF'E ENDEKSLİ BORÇLANMA ARAÇLARI (TL) FONU,TRYYAPO01186,100,2.000
YAK,YAPI KREDİ PORTFÖY KARMA FON,TRMYAKWWWWW7,110,2.750
YAN,YAPI KREDİ PORTFÖY BİRİNCİ FON SEPETİ FONU,TRYYAPO00063,102,3.000
YAS,YAPI KREDİ PORTFÖY KOÇ HOLDİNG İŞTİRAK VE HİSSE SENEDİ FONU(HİSSE SENEDİ YOĞUN FON),TRMKAKWWWWW6,104,3.550
YAY,YAPI KREDİ PORTFÖY YABANCI TEKNOLOJİ SEKTÖRÜ HİSSE SENEDİ FONU,TRMYK9WWWWW2,104,3.249
YBE,YAPI KREDİ PORTFÖY EUROBOND (DOLAR) BORÇLANMA ARAÇLARI FONU,TRMKHYWWWWW2,100,3.000
YBH,YAPI KREDİ PORTFÖY 5-15 YIL VADELİ SERBEST (DÖVİZ) FON,TRYYAPO00923,108,1.500
YBR,İŞ PORTFÖY YİRMİBİRİNCİ SERBEST (DÖVİZ) FON,TRYISPO01678,108,1.000
YBS,YAPI KREDİ PORTFÖY ÖZEL SEKTÖR BORÇLANMA ARAÇLARI FONU,TRYYKBK00409,100,1.825
YCK,YAPI KREDİ PORTFÖY CİHANGİR SERBEST FON,TRYYAPO00246,108,3.500
YCP,YAPI KREDİ PORTFÖY BANKACILIK SEKTÖRÜ HİSSE SENEDİ SERBEST FON (HİSSE SENEDİ YOĞUN FON),TRYYAPO00436,108,3.000
YCY,İSTANBUL PORTFÖY KATILIM FON SEPETİ FONU,TRYISTP00182,102,2.625
YDI,YAPI KREDİ PORTFÖY MODEL PORTFÖY HİSSE SENEDİ FONU (HİSSE SENEDİ YOĞUN FON),TRYYKBK00458,104,3.450
YDP,YAPI KREDİ PORTFÖY BİRİNCİ DEĞİŞKEN FON,TRYYKYM00019,101,2.000
YEF,YAPI KREDİ PORTFÖY BIST 30 ENDEKSİ HİSSE SENEDİ FONU (HİSSE SENEDİ YOĞUN FON),TRMYEFWWWWW9,104,2.008
YFV,YAPI KREDİ PORTFÖY KİRA SERTİFİKALARI KATILIM FONU,TRYYKBK00607,114,2.008
YGM,YAPI KREDİ PORTFÖY EMTİA SERBEST FON,TRYYAPO00469,108,2.900
YHB,YAPI KREDİ PORTFÖY BIST 100 DIŞI ŞİRKETLER HİSSE SENEDİ FONU (HİSSE SENEDİ YOĞUN FON),TRYYAPO00782,104,3.000
YHI,YAPI KREDİ PORTFÖY İNŞAAT SEKTÖRÜ HİSSE SENEDİ SERBEST (TL) FON (HİSSE SENEDİ YOĞUN FON),TRYYAPO00964,108,3.000
YHK,YAPI KREDİ PORTFÖY KATILIM HİSSE SENEDİ FONU (HİSSE SENEDİ YOĞUN FON),TRYYAPO00840,104,3.150
TYH,TEB PORTFÖY HİSSE SENEDİ FONU (HİSSE SENEDİ YOĞUN FON),TRMTYHWWWWW3,104,2.750
TZD,ZİRAAT PORTFÖY HİSSE SENEDİ FONU (HİSSE SENEDİ YOĞUN FON),TRMTZDWWWWW9,104,2.750
YHS,YAPI KREDİ PORTFÖY BİRİNCİ HİSSE SENEDİ FONU (HİSSE SENEDİ YOĞUN FON),TRMKC5WWWWW6,104,3.450
YHT,YAPI KREDİ PORTFÖY KISA VADELİ BORÇLANMA ARAÇLARI (TL) FONU,TRYKCMD00019,100,2.420
YHZ,YAPI KREDİ PORTFÖY BIST TEKNOLOJİ AĞIRLIK SINIRLAMALI ENDEKSİ HİSSE SENEDİ FONU ( HİSSE SENEDİ YOĞUN FON),TRYYAPO00279,104,2.000
YIK,YAPI KREDİ PORTFÖY İKİNCİ PARA PİYASASI SERBEST (TL) FON,TRYYAPO01079,108,0.700
YIT,GARANTİ PORTFÖY YARI İLETKEN TEKNOLOJİLERİ DEĞİŞKEN FON,TRYGAPO01431,101,2.700
YJH,YAPI KREDİ PORTFÖY TEMİZ ENERJİ DEĞİŞKEN FONU,TRYYAPO00345,101,2.500
YJK,YAPI KREDİ PORTFÖY ROBOTİK VE YARI İLETKEN TEKNOLOJİLERİ FON SEPETİ FONU,TRYYAPO00337,102,2.500
YJY,YAPI KREDİ PORTFÖY YENİKÖY SERBEST (DÖVİZ) FON,TRYYAPO00311,108,1.200
YKS,YAPI KREDİ PORTFÖY İSTANBUL SERBEST FON,TRYYKBK00060,108,2.000
YKT,YAPI KREDİ PORTFÖY ALTIN FONU,TRYYKBK00110,105,2.008
YLC,ATA PORTFÖY TARIM VE GIDA DEĞİŞKEN FON,TRYATAP00104,101,1.750
YLE,YAPI KREDİ PORTFÖY BIST SÜRDÜRÜLEBİLİRLİK ENDEKSİ HİSSE SENEDİ FONU (HİSSE SENEDİ YOĞUN FON),TRYYAPO00402,104,2.000
YLO,YAPI KREDİ PORTFÖY ELEKTRİKLİ ARAÇLAR DEĞİŞKEN FON,TRYYAPO00428,101,2.500
YMD,YAPI KREDİ PORTFÖY MASLAK SERBEST (DÖVİZ- ABD DOLARI) FON,TRYYAPO00725,108,1.500
YMH,YAPI KREDİ PORTFÖY MUTLAK GETİRİ HEDEFLİ HİSSE SENEDİ SERBEST FON (HİSSE SENEDİ YOĞUN FON),TRYYAPO00972,108,2.500
YNK,YAPI KREDİ PORTFÖY NİŞANTAŞI KAR PAYI ÖDEYEN SERBEST (DÖVİZ) FON,TRYYAPO00733,108,1.400
YOT,YAPI KREDİ PORTFÖY BORÇLANMA ARAÇLARI FONU,TRMKC4WWWWW9,100,3.000
YOZ,DENİZ PORTFÖY YAKAMOZ SERBEST (DÖVİZ) FON,TRYDNZP01734,108,0.500
YP4,YAPI KREDİ PORTFÖY FERİKÖY SERBEST (DÖVİZ) FON,TRYYAPO00691,108,1.000
YPC,YAPI KREDİ PORTFÖY SÜRDÜRÜLEBİLİRLİK DEĞİŞKEN FON,TRYYAPO00584,101,2.500
YPF,YAPI KREDİ PORTFÖY ALFA SERBEST FON,TRYYAPO00014,108,2.000
YPK,YAPI KREDİ PORTFÖY GALATA SERBEST FON,TRYYAPO00022,108,1.500
ZBJ,ZİRAAT PORTFÖY BAŞAK PARA PİYASASI (TL) FONU,TRYZIPO00394,107,0.490
ZCN,ZİRAAT PORTFÖY EMTİA FON SEPETİ FONU,TRYZIPO00501,102,2.600
YLY,YAPI KREDİ PORTFÖY KİLYOS KAR PAYI ÖDEYEN HİSSE SENEDİ SERBEST (TL) FON (HİSSE SENEDİ YOĞUN FON),TRYYAPO00741,108,3.000
ZDD,ZİRAAT PORTFÖY TEMKİNLİ DEĞİŞKEN FON,TRYZIPO00147,101,2.000
ZDZ,ZİRAAT PORTFÖY AGRESİF DEĞİŞKEN FON,TRYZIPO00154,101,2.750
ZFB,AK PORTFÖY FİNTEK VE BLOKZİNCİRİ TEKNOLOJİLERİ DEĞİŞKEN FON,TRYAKPO01060,101,2.900
ZHH,ZİRAAT PORTFÖY HALKBANK SÜRDÜRÜLEBİLİRLİK 30 ŞİRKETLERİ HİSSE SENEDİ FONU (HİSSE SENEDİ YOĞUN FON),TRYZIPO00956,104,2.250
ZJB,ZİRAAT PORTFÖY BİRİNCİ SERBEST (TL) FON,TRYZIPO00246,108,1.750
ZJI,ZİRAAT PORTFÖY İKİNCİ SERBEST (TL) FON,TRYZIPO00337,108,1.750
ZJL,ZİRAAT PORTFÖY BIST 100 DIŞI ŞİRKETLER HİSSE SENEDİ FONU (HİSSE SENEDİ YOĞUN FON),TRYZIPO00311,104,2.750
ZJV,ZİRAAT PORTFÖY BIST 30 DIŞI YILDIZ PAZAR ŞİRKETLERİ HİSSE SENEDİ FONU (HİSSE SENEDİ YOĞUN FON),TRYZIPO00329,104,2.750
ZLH,ZİRAAT PORTFÖY BIST 100-30 ŞİRKETLERİ HİSSE SENEDİ FONU ( HİSSE SENEDİ YOĞUN FON),TRYZIPO00345,104,2.750
ZMT,AZİMUT PORTFÖY 22.0 SERBEST (DÖVİZ-AVRO) FON,TRYAZIM01166,108,1.050
ZMY,ZİRAAT PORTFÖY METAVERSE VE YENİ TEKNOLOJİLER DEĞİŞKEN FON,TRYZIPO00477,101,2.750
ZP6,ZİRAAT PORTFÖY SEDEF KATILIM SERBEST (DÖVİZ - AMERİKAN DOLARI) FON,TRYZIPO00766,108,1.000
ZP8,ZİRAAT PORTFÖY KEHRİBAR PARA PİYASASI KATILIM SERBEST (TL) FON,TRYZIPO00782,108,1.000
ZP9,ZİRAAT PORTFÖY AKİK KATILIM SERBEST (DÖVİZ-AVRO) FON,TRYZIPO00790,108,1.000
ZPA,ZİRAAT PORTFÖY SERBEST (DÖVİZ) FON,TRYZIPO00022,108,0.880
ZPC,ZİRAAT PORTFÖY FON SEPETİ FONU,TRYZIPO00071,102,2.000
ZPE,ZİRAAT PORTFÖY KATILIM HİSSE SENEDİ FONU (HİSSE SENEDİ YOĞUN FON),TRYZIPO00055,104,2.750
ZPF,ZİRAAT PORTFÖY KATILIM FONU (DÖVİZ),TRYZIPO00030,114,1.004
YPL,YAPI KREDİ PORTFÖY BALAT SERBEST (DÖVİZ) FON,TRYYAPO00097,108,1.500
ZPG,ZİRAAT PORTFÖY KİRA SERTİFİKALARI (SUKUK) KATILIM FONU,TRYZIPO00048,114,1.500
YPR,AZİMUT PORTFÖY YILDIZ PAZAR ŞİRKETLERİ HİSSE SENEDİ FONU (HİSSE SENEDİ YOĞUN FON),TRYAZIM01588,104,2.350
YPV,YAPI KREDİ PORTFÖY ÜÇÜNCÜ FON SEPETİ FONU,TRYYAPO00196,102,3.000
YSA,YAPI KREDİ PORTFÖY SUADİYE SERBEST (DÖVİZ) FON,TRYYAPO01152,108,1.500
YSL,YAPI KREDİ PORTFÖY KAR PAYI ÖDEYEN KİRA SERTİFİKALARI KATILIM SERBEST (DÖVİZ) FON,TRYYAPO00766,108,1.500
YSO,YAPI KREDİ PORTFÖY SAĞLIK SEKTÖRÜ SERBEST FON,TRYYAPO00956,108,2.500
YSU,YAPI KREDİ PORTFÖY ÜÇÜNCÜ DEĞİŞKEN FON,TRYYKBK00524,101,1.497
YTD,YAPI KREDİ PORTFÖY YABANCI FON SEPETİ FONU,TRYYKBK00011,102,2.008
YTV,YAPI KREDİ PORTFÖY TARIM DEĞİŞKEN FON,TRYYAPO00774,101,2.500
YTY,YAPI KREDİ PORTFÖY TARABYA SERBEST (DÖVİZ-AVRO) FON,TRYYAPO00832,108,0.600
YUB,YAPI KREDİ PORTFÖY KARAKÖY HİSSE SENEDİ SERBEST FON (HİSSE SENEDİ YOĞUN FON),TRYYAPO00618,108,3.000
YUN,YAPI KREDİ PORTFÖY İSTİNYE SERBEST (DÖVİZ) FON,TRYYAPO00527,108,1.500
YVB,YAPI KREDİ PORTFÖY UZUN VADELİ BORÇLANMA ARAÇLARI FONU,TRYYAPO00949,100,3.000
YVG,YAPI KREDİ PORTFÖY SARIYER SERBEST (DÖVİZ-AVRO) FON,TRYYAPO00360,108,1.000
YZC,YAPI KREDİ PORTFÖY FİNTECH VE BLOCKCHAİN TEKNOLOJİLERİ DEĞİŞKEN FON,TRYYAPO00378,101,3.000
YZG,YAPI KREDİ PORTFÖY GÜMÜŞ FON SEPETİ FONU,TRYYAPO00220,102,2.800
YZH,TEB PORTFÖY BIST BANKA ENDEKSİ HİSSE SENEDİ FONU (HİSSE SENEDİ YOĞUN),TRYTEBP00179,104,2.000
YZK,YAPI KREDİ PORTFÖY KALAMIŞ SERBEST FON,TRYYAPO00238,108,3.000
ZBD,ZİRAAT PORTFÖY DENGELİ DEĞİŞKEN FON,TRMKN3WWWWW8,101,2.250
ZBI,ZİRAAT PORTFÖY TEMKİNLİ KATILIM FONU,TRYZIPO00915,114,2.000
ZBO,ZİRAAT PORTFÖY MUTLAK GETİRİ HEDEFLİ HİSSE SENEDİ SERBEST FON (HİSSE SENEDİ YOĞUN FON),TRYZIPO00410,108,2.500
ZCD,ZİRAAT PORTFÖY ALTINCI SERBEST (TL) FON,TRYZIPO00618,108,0.500
ZCK,ZİRAAT PORTFÖY AGRESİF KATILIM FONU,TRYZIPO00923,114,2.750
ZSF,ZİRAAT PORTFÖY S&P/OIC COMCEC (İSEDAK) 50 SHARİAH ŞİRKETLERİ YABANCI HİSSE SENEDİ FONU,TRYZIPO00097,104,2.000
ZSG,ZİRAAT PORTFÖY ESG SÜRDÜRÜLEBİLİRLİK FON SEPETİ FONU,TRYZIPO00709,102,2.000
ZTG,ZİRAAT PORTFÖY TARIM VE GIDA FON SEPETİ FONU,TRYZIPO01095,102,2.000
ZVO,ZIRAAT PORTFOY YONETIMI AS UCUNCU SERBEST (TL) FON - TRYZIPO00568,TRYZIPO00568,108,0.500
