price_date,fund_code,unit_price,investor_count,total_fund_value
2026-04-28,AAK,35.458623,756,35245870.82
2026-04-28,AAL,3.176329,4831,3036348386.97
2026-04-28,AAS,11.392708,160,24353907.92
2026-04-28,AAV,62.686413,2294,303430759.61
2026-04-28,ABG,62.627039,159,7733921949.44
2026-04-28,ABJ,0.919611,3,1229834723.15
2026-04-28,ABU,0.093949,37,54500518.70
2026-04-28,AC1,2.862031,165,280661100.37
2026-04-28,AC2,3.588870,48,8895796859.15
2026-04-28,AC3,66.452376,14,138922811.04
2026-04-28,AC4,3.514002,3584,1571399361.63
2026-04-28,AC5,3.420361,180,52520939.76
2026-04-28,AC6,55.809544,111,77692298.87
2026-04-28,AC7,11.820239,45,6387479391.31
2026-04-28,AC8,198.561784,97,2450134664.28
2026-04-28,ACC,44.779645,1458,192323513.06
2026-04-28,ACD,5.564436,1566,320910269.88
2026-04-28,ACN,11.736135,15,614574829.61
2026-04-28,ACU,52.713215,160,1346592665.69
2026-04-28,ADE,0.868617,27065,1039678214.93
2026-04-28,ADP,1.345131,22516,4205874211.78
2026-04-28,AED,110.455981,813,42820944.99
2026-04-28,AES,0.170325,36102,1767200212.89
2026-04-28,AEV,1.944802,401,11121704.84
2026-04-28,AFA,1.099314,46035,5421100025.91
2026-04-28,AFO,1.346751,87354,23039013192.29
2026-04-28,AFS,0.300446,26891,762725508.34
2026-04-28,AFT,0.918900,143765,25567006822.62
2026-04-28,AFV,0.535226,15639,1176310324.25
2026-04-28,AGC,8.667415,2480,99135374.92
2026-04-28,AHH,9.590345,15,204951513.20
2026-04-28,AHI,37.728080,2666,146903409.77
2026-04-28,AHN,66.175035,101,28552476.04
2026-04-28,AHU,10.147412,604,214147404.42
2026-04-28,AHV,19.748066,153,117251692.00
2026-04-28,AHZ,26.972456,12,632150206.21
2026-04-28,AI1,1.109957,19,65396605.45
2026-04-28,AIH,18.215817,4,175668862.33
2026-04-28,AII,89.551908,3,366356856.46
2026-04-28,AIM,24.534199,1,53049979.39
2026-04-28,AIR,153.294171,1,1342509573.77
2026-04-28,AIS,0.095072,12657,13199895761.06
2026-04-28,AJ1,1.206537,104,31656009.95
2026-04-28,AJE,58.738624,1020,3657559314.65
2026-04-28,AJK,60.115737,131,135438650.47
2026-04-28,AJL,59.734690,1480,5381404903.61
2026-04-28,AJN,58.009759,355,562760040.49
2026-04-28,AK2,0.507194,9475,213613235.28
2026-04-28,AK3,53.539916,21248,8593473878.69
2026-04-28,AKE,0.491721,13912,1053334608.03
2026-04-28,AKU,0.960716,17232,1590463380.37
2026-04-28,AL4,3.540957,12,1127957767.18
2026-04-28,AL5,50.389327,2462,15024898407.82
2026-04-28,AL6,3.462463,12,4939525272.53
2026-04-28,AL7,3.346731,107,7743589004.35
2026-04-28,ALC,0.371059,26653,2050339854.37
2026-04-28,ALE,11.967514,134423,70549293256.04
2026-04-28,AN1,97.330623,2568,1046431524.90
2026-04-28,ANL,33.181549,4138,646532702.47
2026-04-28,ANZ,20.402733,182,267696858.63
2026-04-28,AOJ,1.552767,248,24562808.61
2026-04-28,AOY,0.366229,36474,1021370096.00
2026-04-28,AP2,3.665847,35,1052194441.17
2026-04-28,AP4,1.341349,11,334288658.52
2026-04-28,AP5,1.031100,12,1058518.94
2026-04-28,AP6,8.613523,46,1038780496.03
2026-04-28,AP7,2.323249,540,176822862.47
2026-04-28,APJ,6.974432,3175,102149001.01
2026-04-28,APP,32.341532,2,207487163.78
2026-04-28,APT,0.147934,13538,310914254.62
2026-04-28,ARE,0.221359,1668,36024648.84
2026-04-28,ARF,7.879026,1,711869181.67
2026-04-28,ARL,14.990960,7900,4232467243.00
2026-04-28,ARM,17.779346,5630,3354591466.94
2026-04-28,ARP,41.361275,1,3125423247.71
2026-04-28,AS1,44.811544,41,6549117.49
2026-04-28,AS3,0.741935,16,167564646.06
2026-04-28,ASJ,3.863802,850,73004395.38
2026-04-28,ATJ,22.284092,11,1066683812.94
2026-04-28,AU1,1.186801,621,58741851.50
2026-04-28,AUT,8.974343,152,2635800.36
2026-04-28,AUV,46.510588,619,774539757.92
2026-04-28,AVC,144.179461,11,243049804.65
2026-04-28,AVT,200.899350,19663,3433669239.39
2026-04-28,AVZ,96.306449,1,221742709.63
2026-04-28,AY6,1.311639,11,102651781.54
2026-04-28,AY7,1.485602,12,210560372.82
2026-04-28,AYA,19.232478,10401,1255831479.24
2026-04-28,AYR,0.124182,13185,1607482088.36
2026-04-28,AZF,0.163655,4,544178685.02
2026-04-28,AZJ,18.210651,40,660391139.19
2026-04-28,AZV,25.040293,4,4212949371.33
2026-04-28,AZZ,59.042960,7,27012626354.48
2026-04-28,BA1,1.402233,25,281339498.07
2026-04-28,BAC,7.154706,11,5399645239.24
2026-04-28,BAG,0.906983,66,49477742.99
2026-04-28,BAL,46.498225,1,1021765490.17
2026-04-28,BAO,3.331563,4,153319819.52
2026-04-28,BAS,50.248796,1,1437657454.66
2026-04-28,BBF,3.197400,1116,176014779.38
2026-04-28,BBI,1.620279,11,1101669.48
2026-04-28,BBN,0.657756,13,1513208870.54
2026-04-28,BBO,2.533599,12,839605563.08
2026-04-28,BBP,2.047407,798,36049203.32
2026-04-28,BBS,1.391784,780,1105285936.48
2026-04-28,BCC,64.079400,2,2577487703.46
2026-04-28,BCK,1.821673,1860,111638104.97
2026-04-28,BCO,1.728982,460,48300583.40
2026-04-28,BDA,53.405360,443,1143205328.75
2026-04-28,BDC,9.123106,40,394725404.67
2026-04-28,BDI,0.639563,74,521497560.05
2026-04-28,BDO,2.833434,11,4755349755.19
2026-04-28,BDS,2.449808,12357,533214225.13
2026-04-28,BDY,1.608605,2461,104262202.38
2026-04-28,BFE,1.757107,64,9244194.53
2026-04-28,BFO,49.953772,1,3528422817.32
2026-04-28,BFS,1.032835,51,6324414.62
2026-04-28,BFT,1.193700,586,254799267.52
2026-04-28,BGH,2.101019,1,987540794.46
2026-04-28,BGP,5.778312,30966,62766652527.90
2026-04-28,BHA,1.586638,883,104312197.59
2026-04-28,BHE,1.969466,82,41752738.50
2026-04-28,BHF,3.003681,2551,335962870.94
2026-04-28,BHH,0.648754,74,1151531164.52
2026-04-28,BHI,2.081676,362,658810195.98
2026-04-28,BHL,1.233504,784,60947707.45
2026-04-28,BHO,1.119724,1,1042815192.92
2026-04-28,BI5,2.309092,11,207923997.97
2026-04-28,BIA,0.230523,12,590184.29
2026-04-28,BID,3.412663,2256,292712490.61
2026-04-28,BIG,1.382505,3781,578846997.45
2026-04-28,BIH,7.509574,410,749021583.69
2026-04-28,BIK,1.447844,14,3363368454.65
2026-04-28,BIO,2.489459,12043,1119423540.52
2026-04-28,BIP,1.445448,194,3839128832.03
2026-04-28,BIS,1.629307,76,808745811.78
2026-04-28,BIY,1.277225,333,79632490.40
2026-04-28,BJD,49.571967,76,1628445991.80
2026-04-28,BKO,1.133486,1,3057472907.46
2026-04-28,BKY,46.040580,575,2086993246.06
2026-04-28,BLA,7.446077,15,6957914095.48
2026-04-28,BLD,1.476580,750,474473794.52
2026-04-28,BLT,1.761420,3058,382666582.25
2026-04-28,BMU,1.301154,12,1082605860.25
2026-04-28,BNC,1.992370,255,712984187.58
2026-04-28,BNH,1.297112,202,133340374.85
2026-04-28,BOH,0.942972,11,236280227.90
2026-04-28,BOL,1.555580,258,42011669.30
2026-04-28,BON,1.244868,334,25534073.06
2026-04-28,BOP,45.928298,9,1125437431.57
2026-04-28,BOS,1.467627,1385,2453813998.73
2026-04-28,BP5,1.554386,15,414763331.38
2026-04-28,BPD,49.613033,11,136357899.06
2026-04-28,BPZ,1.385793,418,455566083.85
2026-04-28,BRB,1.420875,11,937551275.26
2026-04-28,BRC,1.214658,39,127119577.84
2026-04-28,BRF,1.484733,1124,110651735.82
2026-04-28,BRG,4.528212,1622,1789726131.72
2026-04-28,BRH,5.652597,15,4557241046.71
2026-04-28,BRR,1.467993,276,384203308.26
2026-04-28,BRT,1.320936,487,37571679.29
2026-04-28,BRZ,51.041429,5,1598496474.06
2026-04-28,BS1,1.165033,137,7339950.19
2026-04-28,BSA,0.422130,1,860943928.22
2026-04-28,BSD,1.109191,97,274922485.23
2026-04-28,BSE,0.879610,66,615472155.08
2026-04-28,BSF,1.349727,1,7630687051.98
2026-04-28,BSH,1.078276,162,8598147.30
2026-04-28,BSM,1.464896,2072,1513029920.36
2026-04-28,BSN,1.472200,14,41630724.70
2026-04-28,BST,10.130784,698,60584824.13
2026-04-28,BTE,4.086614,948,214225861.30
2026-04-28,BTJ,1.245996,79,27816215.80
2026-04-28,BTK,1.337375,384,124472023.20
2026-04-28,BTP,0.511434,15,50672572.04
2026-04-28,BTY,54.795737,3,774702124.36
2026-04-28,BTZ,1.272124,206,8365081.69
2026-04-28,BUB,1.041479,41,3448424.11
2026-04-28,BUC,1.050369,23,257466950.30
2026-04-28,BUP,3.747527,1,12572116194.21
2026-04-28,BUT,1.739714,4,206603800.13
2026-04-28,BUV,1.366904,473,64670239.67
2026-04-28,BUY,1.833364,18262,413370023.22
2026-04-28,BV1,1.536636,796,147640212.74
2026-04-28,BVB,4.060557,1,4365111435.21
2026-04-28,BVC,3.858908,1,6256610969.53
2026-04-28,BVD,1.200381,343,218282440.56
2026-04-28,BVF,1.245247,545,1135555293.75
2026-04-28,BVH,1.813699,14,116923401.77
2026-04-28,BVI,2.997844,31,318026154.81
2026-04-28,BVK,1.034275,38,22918666.36
2026-04-28,BVM,1.280347,164,11159000.32
2026-04-28,BVT,5.101569,10,19204841.86
2026-04-28,BVV,2.874017,525,106385582.16
2026-04-28,BVZ,3.972931,756,2435377531.18
2026-04-28,BYZ,2.221014,42,182464796.30
2026-04-28,CAH,1.361625,369,55731622.59
2026-04-28,CBD,2.581266,15,246230789.22
2026-04-28,CBN,48.726114,6,626523204.68
2026-04-28,CBO,308.651698,3,2233173434.04
2026-04-28,CEY,61.876728,3,205086393.60
2026-04-28,CFO,2.224722,501,2865352939.76
2026-04-28,CGD,54.187204,2,599827095.11
2026-04-28,CHY,0.626625,42,140672464.42
2026-04-28,CIN,1.599845,538,38211921.23
2026-04-28,CJD,47.792465,29,48098719.58
2026-04-28,CJF,61.016800,3,1851520878.41
2026-04-28,CJG,61.404232,1,1860163473.22
2026-04-28,CJH,58.468845,1812,3214254878.94
2026-04-28,CKF,1.862507,1715,539972146.66
2026-04-28,CKL,1.418036,839,373799148.54
2026-04-28,CKS,56.990106,2451,6039579037.30
2026-04-28,COT,55.988160,197,516293696.34
2026-04-28,CPT,3.353707,8882,538224129.73
2026-04-28,CPU,3.162527,12745,1007507519.50
2026-04-28,CRL,45.553015,3,979389811.99
2026-04-28,CSD,60.092641,1,626210325.39
2026-04-28,CSH,3.707645,55,5514911506.98
2026-04-28,CTF,8.701911,1,325203979.99
2026-04-28,CTG,7.116759,1,15417062.43
2026-04-28,CTM,5.971093,1,15419582.32
2026-04-28,CTP,58.143624,1,526308527.46
2026-04-28,CTV,10.159978,4,192437824.44
2026-04-28,CVA,3.701718,1,8554564784.74
2026-04-28,CVB,3.818569,5,1806625484.10
2026-04-28,CVC,2.600101,2,652952294.86
2026-04-28,CVD,59.450917,2,1015694662.05
2026-04-28,CVE,2.459456,1,270594869.39
2026-04-28,CVF,4.196396,1,867743785.79
2026-04-28,CVK,4.664209,2081,626263673.96
2026-04-28,CVL,1.227627,101,28136877.24
2026-04-28,CYD,54.552162,382,1297542058.56
2026-04-28,DA1,46.221061,48,31043589.66
2026-04-28,DAC,67.843931,1,522044121.31
2026-04-28,DAE,3.621889,1,1820327369.71
2026-04-28,DAH,3.753775,2914,772039714.06
2026-04-28,DAI,89.518999,4,342904405.49
2026-04-28,DAL,66.533312,1,577187255.88
2026-04-28,DAS,51.182265,26773,133666301642.69
2026-04-28,DAT,90.710290,6,406179996.54
2026-04-28,DAV,54.716870,138,1037909264.16
2026-04-28,DAZ,12.292630,4,325197215.65
2026-04-28,DB2,1.853302,18,122996896.88
2026-04-28,DBA,0.751671,27489,11485663344.65
2026-04-28,DBB,0.102512,1979,332342159.25
2026-04-28,DBG,0.578609,3,2380358403.50
2026-04-28,DBH,0.353954,9204,1007787529.75
2026-04-28,DBK,0.107543,85955,685604424.98
2026-04-28,DBP,0.460439,1110,160410578.17
2026-04-28,DBZ,0.124730,3054,775187377.15
2026-04-28,DCB,4.209757,22400,133007961610.94
2026-04-28,DCD,62.112238,1,266791565.40
2026-04-28,DCE,68.055951,3,1184132654.30
2026-04-28,DCN,1.275417,1088,148093394.18
2026-04-28,DCP,69.864503,3,249030762.07
2026-04-28,DDA,13.554730,1230,250013985.67
2026-04-28,DDC,11.005547,11,3691927694.22
2026-04-28,DDE,71.159229,1,392448344.04
2026-04-28,DDF,11.105517,652,280705770.05
2026-04-28,DDP,68.899701,1,72071980.59
2026-04-28,DEF,2.557641,96,68595362.10
2026-04-28,DEI,0.034830,13,4137358.65
2026-04-28,DFC,3.118227,1683,129075774.57
2026-04-28,DFD,2.585147,536,157672537.96
2026-04-28,DFI,3.751477,40047,18212754870.64
2026-04-28,DFO,3.454274,2,1021655585.57
2026-04-28,DGF,1.285002,223,26550794.75
2026-04-28,DGH,9.494936,233,1134326236.44
2026-04-28,DHI,5.091771,46,764892785.25
2026-04-28,DHJ,7.135008,3025,227448095.81
2026-04-28,DHM,5.137965,1293,29985066.99
2026-04-28,DHP,3.963669,1,7481397.75
2026-04-28,DHS,345.565345,1,4563307177.99
2026-04-28,DHT,1.048852,556,72917328.92
2026-04-28,DHV,2.187579,11,318292493.75
2026-04-28,DID,1.367633,184,36604852.02
2026-04-28,DIH,1.721304,11,129196964.20
2026-04-28,DIM,48.904754,1,111870016.53
2026-04-28,DIP,1.391160,1250,48622098281.82
2026-04-28,DK1,1.321609,66,4208655741.79
2026-04-28,DK8,45.174166,313,1748887037.85
2026-04-28,DKA,45.101719,239,2299232926.95
2026-04-28,DKC,0.662771,13,207782.58
2026-04-28,DKH,3.613903,1538,212339035.98
2026-04-28,DKL,47.235216,110,418964933.90
2026-04-28,DKP,45.081335,644,3960846134.98
2026-04-28,DKR,0.723828,556,55170830.53
2026-04-28,DKS,67.384656,2,216165259.49
2026-04-28,DKY,45.018186,231,2557774718.41
2026-04-28,DL2,2.194279,720,9778785469.23
2026-04-28,DLD,7.328388,626,80332130.25
2026-04-28,DLG,1.174051,44,4456497.67
2026-04-28,DLN,1.906096,12,30538504.21
2026-04-28,DLY,5.382790,313634,73190293994.26
2026-04-28,DLZ,1.304379,13,160989.02
2026-04-28,DMG,7.437645,16569,3682984488.87
2026-04-28,DMR,54.127979,1,16047275144.03
2026-04-28,DMV,65.587252,2,315236339.95
2026-04-28,DMZ,59.735518,5,595903363.59
2026-04-28,DNA,9.377528,5,1866347953.04
2026-04-28,DNF,1.189564,100,23770150.33
2026-04-28,DNH,1.173443,76,19138883.22
2026-04-28,DNK,1.704478,212,16072430.59
2026-04-28,DNL,51.851322,1,206612273.12
2026-04-28,DNM,48.540052,1209,1741417116.83
2026-04-28,DNP,1.270102,265,1421281011.74
2026-04-28,DNU,44.875375,16,36897206.67
2026-04-28,DOC,44.957867,178,4603636666.83
2026-04-28,DOD,64.044250,24,15461327350.11
2026-04-28,DOH,2.070460,5482,959301069.01
2026-04-28,DOL,48.982594,383,3480377623.60
2026-04-28,DOR,66.432109,1,478492211.47
2026-04-28,DOS,65.374039,2,3081165128.66
2026-04-28,DOV,57.132484,17782,71312882189.35
2026-04-28,DP1,17.809190,7,5068082993.78
2026-04-28,DP2,62.618786,11,337997296.76
2026-04-28,DP3,65.060398,4,265043177.70
2026-04-28,DP4,68.123998,3,510895309.51
2026-04-28,DP5,76.807248,1,1663404897.96
2026-04-28,DP6,44.957445,215,1814990991.08
2026-04-28,DP7,56.819745,3,511478961.48
2026-04-28,DP8,45.331889,50,376847576.81
2026-04-28,DP9,45.021430,155,5690215577.70
2026-04-28,DPB,22.792755,3849,20772877050.87
2026-04-28,DPC,92.396403,1,318247862.10
2026-04-28,DPE,21.087779,1,1380335964.01
2026-04-28,DPG,93.580985,2,536611426.29
2026-04-28,DPI,7.945147,111,263962294.65
2026-04-28,DPK,7.711002,1312,828820561.92
2026-04-28,DPL,95.943579,1,2480293488.24
2026-04-28,DPN,56.394556,1,2212922.38
2026-04-28,DPP,156.590655,2,211386735.78
2026-04-28,DPT,17.405820,5504,342928872.29
2026-04-28,DPZ,76.593262,1,115473686.24
2026-04-28,DRA,1.200982,16,48683954.37
2026-04-28,DRD,53.082786,153,1663958865.68
2026-04-28,DRH,1.071071,69,148502729.69
2026-04-28,DRS,69.966647,3,232447041.92
2026-04-28,DRT,1.109360,353,19793105.77
2026-04-28,DSC,62.351324,1,926547406.97
2026-04-28,DSD,67.397664,1669,5765653689.22
2026-04-28,DSH,2.018971,101,24648615.62
2026-04-28,DSP,13.605256,1092,140264910.19
2026-04-28,DSV,45.864627,48,1214268340.16
2026-04-28,DTH,1.251357,123,174074255.92
2026-04-28,DTL,3.909168,3752,164832143.30
2026-04-28,DTM,1.369638,3158,67758042.89
2026-04-28,DTO,45.000532,159,112121255.01
2026-04-28,DTP,1.836139,4,1663487014.45
2026-04-28,DTV,63.754927,4,3846090427.23
2026-04-28,DTZ,4.602795,6331,273703757.22
2026-04-28,DUC,0.656120,12,227254.37
2026-04-28,DUD,48.275463,264,322880778.40
2026-04-28,DUH,1.178327,79,5168620.05
2026-04-28,DUT,45.208379,258,834993343.27
2026-04-28,DUV,1.211536,217,71290467.81
2026-04-28,DVC,63.807914,1,52641528.84
2026-04-28,DVI,72.540432,2,183012182.20
2026-04-28,DVN,60.588994,1,290193288.73
2026-04-28,DVO,4.743164,1,30392234.02
2026-04-28,DVS,1.391996,315,260399913.19
2026-04-28,DVT,8.358360,10799,743020045.00
2026-04-28,DVU,7.667827,5,1380397510.21
2026-04-28,DVZ,61.882073,1,1300238633.66
2026-04-28,DXP,1.828341,1179,54266575.23
2026-04-28,DYJ,45.145985,156,1063977783.61
2026-04-28,DYN,4.341669,1680,58247318.67
2026-04-28,DYS,1.492477,13,17328835.85
2026-04-28,DZ2,1.416938,2,12250674649.05
2026-04-28,DZE,1.011520,3029,259006489.09
2026-04-28,DZM,80.874239,4837,19881873564.99
2026-04-28,DZP,56.513814,2,440129584.52
2026-04-28,DZS,1.404850,157,62494347.40
2026-04-28,EBD,0.229468,395,46141463.91
2026-04-28,EBI,53.303179,30,585848946.00
2026-04-28,EBS,45.550636,32,3316316912.11
2026-04-28,EC2,87.763649,2580,89962549.98
2026-04-28,ECA,1.708422,390,161784864.16
2026-04-28,ECB,47.379329,3203,842497430.50
2026-04-28,ECV,0.435971,2396,97415749.29
2026-04-28,EDD,1.052407,13,10610162.44
2026-04-28,EDP,1.028451,34,52437759.93
2026-04-28,EDT,1.998528,627,964304463.92
2026-04-28,EDU,3.299650,663,441240653.22
2026-04-28,EES,55.153292,1,461160224.89
2026-04-28,EGP,53.989042,50,246953543.69
2026-04-28,EHS,2.886474,3,681031694.21
2026-04-28,EIB,0.580907,450,281961389.38
2026-04-28,EID,1.845061,2192,119766495.07
2026-04-28,EIL,4.652190,1917,1365147479.56
2026-04-28,EJG,9.587360,1,655959553.54
2026-04-28,EKF,0.125046,5409,1849312960.04
2026-04-28,EKL,1.618441,1450,22999077210.15
2026-04-28,ELZ,13.796784,786,563218089.14
2026-04-28,EME,1.203309,26,41582057.11
2026-04-28,EML,1.177296,784,43104364.10
2026-04-28,ENA,1.053824,15,10927513.48
2026-04-28,ENJ,1.354423,742,49874339.29
2026-04-28,ENO,45.079416,10,45120888.63
2026-04-28,ENR,1.064696,35,13424645.19
2026-04-28,ENS,1.086537,14,11127277.58
2026-04-28,EPA,1.218820,87,435016845.48
2026-04-28,EPI,1.158174,187,273761324.41
2026-04-28,EPK,1.426185,2056,280176188.60
2026-04-28,EPO,57.633454,1,425910940.19
2026-04-28,EPP,1.303882,40,1703041670.62
2026-04-28,EPT,1.180295,55,918471749.86
2026-04-28,ESG,4.209620,83,117588586.29
2026-04-28,ESN,1.640083,12,63239343.28
2026-04-28,ESP,0.520529,378,63280230.11
2026-04-28,EUN,59.801935,3603,6435352512.19
2026-04-28,EUZ,59.269068,39787,138387196664.04
2026-04-28,EVM,1.086212,610,45817363.03
2026-04-28,EYT,2.799934,631,87530469.15
2026-04-28,EZM,42.152551,1,4215255.13
2026-04-28,FAK,1.372290,451,34030838.03
2026-04-28,FAL,1.257313,935,345876877.07
2026-04-28,FBC,2.267421,5915,195056313.06
2026-04-28,FBI,49.262016,5462,20089066747.74
2026-04-28,FBN,10.332117,15,15985697.14
2026-04-28,FBV,7.173257,2331,672010819.06
2026-04-28,FBZ,4.152589,381,188689586.30
2026-04-28,FCK,1.942875,869,344724324.66
2026-04-28,FCS,2.046681,177,1506474918.99
2026-04-28,FD1,1.822654,176,30508907.77
2026-04-28,FDE,45.026696,895,4179377955.21
2026-04-28,FDG,2.693079,1502,313081063.02
2026-04-28,FDO,57.230226,1,271120355.15
2026-04-28,FDV,5.229027,1,1307256680.61
2026-04-28,FDY,45.158326,890,3884521353.19
2026-04-28,FDZ,0.303405,12,230326037.03
2026-04-28,FFD,0.045232,355,227220152.80
2026-04-28,FFF,62.520689,1,1051743531.69
2026-04-28,FFH,7.920270,1963,1263130440.81
2026-04-28,FFO,58.133302,7,104747721.88
2026-04-28,FFP,7.357556,2831,2553118270.78
2026-04-28,FHI,1.501288,11,235299397.48
2026-04-28,FHP,3.001527,45,9981507503.88
2026-04-28,FHZ,62.403084,3,723283379.96
2026-04-28,FI3,730.261297,9865,1836718621.37
2026-04-28,FI5,657.096514,51873,92511855931.45
2026-04-28,FIB,0.512898,13633,6213027971.03
2026-04-28,FID,1.009094,1817,972239915.39
2026-04-28,FIL,0.328994,19030,12513171968.48
2026-04-28,FIT,0.215329,607,216131659.47
2026-04-28,FJB,6.450111,838,393368179.47
2026-04-28,FJC,55.642882,88,1265095563.60
2026-04-28,FJM,53.671777,1744,8678286968.31
2026-04-28,FJN,53.476527,1261,5488445541.07
2026-04-28,FJZ,61.718880,890,1715843607.87
2026-04-28,FKE,56.050528,12702,49768253932.87
2026-04-28,FKH,45.549183,2132,12498240447.10
2026-04-28,FKV,45.164210,488,2221175861.07
2026-04-28,FLS,57.892942,2086,3063292447.81
2026-04-28,FLY,1.615618,1616,118022286.12
2026-04-28,FMG,3.691753,12874,14405827676.97
2026-04-28,FMS,53.722173,1,629716375.71
2026-04-28,FMV,1.259742,23,138507688.06
2026-04-28,FNE,2.737881,1,1067335.54
2026-04-28,FNN,0.000000,1,0.00
2026-04-28,FNO,0.190290,8570,15590506804.75
2026-04-28,FNT,2.028925,2141,597267535.65
2026-04-28,FP4,1.264399,120,93524052.80
2026-04-28,FPE,70.932200,1431,318955573.75
2026-04-28,FPG,2.416300,2548,1309501127.98
2026-04-28,FPH,34.134218,4850,1534227410.18
2026-04-28,FPI,2.343399,169,112250388.93
2026-04-28,FPK,0.087655,1164,280031639.35
2026-04-28,FPR,11.235835,21,173970419.99
2026-04-28,FPZ,64.208184,19559,133013988510.18
2026-04-28,FR1,1.477138,21,562267345.99
2026-04-28,FRA,32.782903,2,535876610.48
2026-04-28,FRC,1.767221,398,91080873.54
2026-04-28,FRZ,15.515093,2,277730144.65
2026-04-28,FS1,1.783051,296,216825954.78
2026-04-28,FS2,2.062229,28,16218274.88
2026-04-28,FS3,1.917780,22,1630653793.12
2026-04-28,FS4,8.728876,21,4481203285.01
2026-04-28,FS5,2.521556,9,22170176.08
2026-04-28,FS6,1.577366,388,116796676.84
2026-04-28,FSF,6.112996,7242,11289826797.69
2026-04-28,FSG,3.760589,848,1045904934.95
2026-04-28,FSH,4.157789,473,338377123.40
2026-04-28,FSK,5.420406,2576,6431154036.45
2026-04-28,FSM,8.056105,21,1081117356.20
2026-04-28,FSP,37.243833,23,473145.66
2026-04-28,FSR,44.938290,2538,8822732057.62
2026-04-28,FSU,1.324971,7279,928610162.47
2026-04-28,FSV,52.949169,876,5365339276.34
2026-04-28,FTL,1.356204,212,390349383.53
2026-04-28,FTM,52.330923,14,1697818128.11
2026-04-28,FTY,44.993144,1253,7526003156.83
2026-04-28,FUA,5.445278,5051,343984432.29
2026-04-28,FUB,0.705278,2285,1416498165.65
2026-04-28,FUM,58.770727,2,422622176.84
2026-04-28,FUN,1.475396,11,18103971.23
2026-04-28,FUP,102.649709,2,450393253.26
2026-04-28,FVL,4.376692,54,1442044464.19
2026-04-28,FYA,0.054395,159,1809430098.54
2026-04-28,FYB,93.639992,9,186947094.75
2026-04-28,FYD,11.989513,5921,3751545465.85
2026-04-28,FYF,0.099761,11,34987065.01
2026-04-28,FYG,15.606565,2,89772802.77
2026-04-28,FYH,82.570139,26,967814096.01
2026-04-28,FYI,9.114720,196,40864869.71
2026-04-28,FYM,0.410411,15,321635645.32
2026-04-28,FYO,1.051777,1290,982892411.97
2026-04-28,FYT,0.326062,99065,3108139863.13
2026-04-28,FYZ,6.241645,2,270991498.03
2026-04-28,FZJ,5.238823,2353,1273251788.00
2026-04-28,FZP,6.044034,657,1059447791.30
2026-04-28,GA1,1.807586,1551,350646419.49
2026-04-28,GAC,71.084334,1,392931235.41
2026-04-28,GAE,0.465960,15228,1612992142.97
2026-04-28,GAF,1.739452,1801,222014209.14
2026-04-28,GAG,16.789862,227,759147929.55
2026-04-28,GAH,11.568403,3049,436378357.47
2026-04-28,GAJ,59.150918,1,469366557.39
2026-04-28,GAL,364.041713,56891,59492397116.78
2026-04-28,GAN,9.008918,11,24261556.60
2026-04-28,GAS,0.296039,2337,3336964501.63
2026-04-28,GAU,61.384520,5,1987650883.56
2026-04-28,GAV,57.489986,1,226568033.11
2026-04-28,GBC,0.281247,1635,296769010.26
2026-04-28,GBG,0.509274,3336,158198807.40
2026-04-28,GBH,4.216394,2766,2222029772.03
2026-04-28,GBJ,1.546173,2131,665881124.92
2026-04-28,GBL,0.770754,1743,3072935172.29
2026-04-28,GBN,6.091346,462,5672633995.40
2026-04-28,GBP,66.537225,2,3649272005.07
2026-04-28,GBV,11.606050,23183,2436980726.70
2026-04-28,GBZ,3.421726,3558,1598636187.49
2026-04-28,GCA,67.223963,2,778695293.96
2026-04-28,GCC,5.305749,2,1178196720.66
2026-04-28,GCD,3.044475,13,424772994.39
2026-04-28,GCI,60.097758,3,205888668.43
2026-04-28,GCZ,57.568192,1,11209390.47
2026-04-28,GDJ,57.125921,4,462801535.19
2026-04-28,GDP,62.007271,1,1440804051.60
2026-04-28,GEC,71.169264,3,399372304.64
2026-04-28,GEI,102.038276,11,3772148749.22
2026-04-28,GEZ,56.434678,1,374413386.70
2026-04-28,GFB,65.241721,4,398369669.20
2026-04-28,GFD,64.802493,2,115371637.64
2026-04-28,GFI,49.795827,3,1610274506.18
2026-04-28,GFL,10.696408,1,315404193.69
2026-04-28,GFN,73.733572,3,853350778.32
2026-04-28,GFY,64.431597,3,395541769.63
2026-04-28,GGA,62.607949,3,8162182750.04
2026-04-28,GGC,5.272957,5,185254790.27
2026-04-28,GGD,61.279873,2,5847469325.56
2026-04-28,GGK,14.081594,13310,2860650676.18
2026-04-28,GGM,7.486450,1,2562544124.10
2026-04-28,GGN,63.915290,4,445069389.98
2026-04-28,GGP,26.317130,1,182298.76
2026-04-28,GGR,63.317472,3,1511193163.03
2026-04-28,GHS,40.061012,14821,3303835217.91
2026-04-28,GID,1.674235,2289,55477996.74
2026-04-28,GIE,3.685982,5148,94433079.90
2026-04-28,GIH,2.470688,710,19026847.37
2026-04-28,GJA,61.481443,3,876931711.94
2026-04-28,GJB,10.183586,1066,78139899.83
2026-04-28,GJD,59.202569,3,385319859.64
2026-04-28,GJE,58.865979,2,136375579.48
2026-04-28,GJF,59.653318,2,227048222.58
2026-04-28,GJH,3.482475,25838,140013750146.68
2026-04-28,GJM,37.313512,69,428502100.59
2026-04-28,GJO,55.710956,1,544822453.51
2026-04-28,GKE,0.000000,0,0.01
2026-04-28,GKF,4.811791,795,45186802.30
2026-04-28,GKG,1.387728,1341,45942759.70
2026-04-28,GKH,3.975499,1891,5812819612.19
2026-04-28,GKK,61.033925,2,1868712730.09
2026-04-28,GKL,15.219203,4,856068094.03
2026-04-28,GKM,45.333274,14,122563947.59
2026-04-28,GKO,0.000000,0,0.01
2026-04-28,GKV,7.764480,3529,387517422.96
2026-04-28,GL1,1441.879037,997,1261713367.75
2026-04-28,GLC,4.265472,72,16481387.66
2026-04-28,GLG,8.315138,618,66334204.83
2026-04-28,GLM,0.517503,11,260858205.55
2026-04-28,GLP,63.127236,4,517770916.50
2026-04-28,GLS,0.152065,1393,554230251.47
2026-04-28,GLV,8.349328,28,87127632.13
2026-04-28,GMA,1.937280,1557,2513753134.39
2026-04-28,GMC,8.741221,24973,5131521147.70
2026-04-28,GMD,2.561925,120,3055112.97
2026-04-28,GME,26.719674,2,376992664.27
2026-04-28,GMI,1.531997,6215,537381839.99
2026-04-28,GMM,45.060390,27,419940076.73
2026-04-28,GMN,1.209288,32,78680401.07
2026-04-28,GMO,2.969675,4,2377079193.44
2026-04-28,GMP,57.996541,1,1515716400.61
2026-04-28,GMR,1.374734,5114,207685787.56
2026-04-28,GMV,0.000000,0,0.01
2026-04-28,GMZ,12.928445,2,351945728.04
2026-04-28,GNH,1.494492,198,7249196.16
2026-04-28,GNK,64.574848,1,442697521.02
2026-04-28,GNL,56.429020,4,1678559513.20
2026-04-28,GNP,1.307981,5254,1290961749.87
2026-04-28,GNS,1.543235,1453,75981837.49
2026-04-28,GNZ,1.448344,462,1716777.75
2026-04-28,GO1,4.308239,1073,146567685.37
2026-04-28,GO2,4.605539,580,33846022.63
2026-04-28,GO3,4.701135,597,47085136.42
2026-04-28,GO4,5.084248,957,64759909.49
2026-04-28,GO6,3.732971,4275,4968830221.68
2026-04-28,GO9,2.527301,1806,390269540.53
2026-04-28,GOF,47.862417,133,66089765.44
2026-04-28,GOH,16.087916,8960,675940194.84
2026-04-28,GOL,2.847045,13547,5313800752.78
2026-04-28,GOP,1.071925,409,750726941.49
2026-04-28,GP1,3.834262,1,175294290.37
2026-04-28,GP3,57.416399,299,380808066.56
2026-04-28,GPA,21.556958,5658,773961925.28
2026-04-28,GPB,11.119495,9852,1223151130.63
2026-04-28,GPC,67.029302,3961,7450792386.56
2026-04-28,GPF,8.286683,2866,852105706.93
2026-04-28,GPG,14.597541,2761,867671687.87
2026-04-28,GPH,43.299193,1,2538934.78
2026-04-28,GPI,16.900003,3031,748999445.04
2026-04-28,GPJ,53.901453,2,883590233.10
2026-04-28,GPL,49.435702,39243,99624893462.71
2026-04-28,GPM,58.022245,2,1209014051.46
2026-04-28,GPN,1.230121,2122,2127132102.89
2026-04-28,GPT,2.476555,2660,88939065.56
2026-04-28,GPU,19.750460,2717,402768775.86
2026-04-28,GPV,63.163618,1,545118445.64
2026-04-28,GPZ,1.738205,212,8856014802.42
2026-04-28,GRL,1.738956,349,1017436460.97
2026-04-28,GRO,50.332933,27139,186611655749.47
2026-04-28,GRT,1.580422,1444,75513526.77
2026-04-28,GSE,60.006222,106,1456908890.88
2026-04-28,GSG,66.493090,1,82271634.83
2026-04-28,GSL,3.047405,1,294815268.53
2026-04-28,GSO,13.513695,5,309523004.98
2026-04-28,GSP,0.548227,13954,2912119867.72
2026-04-28,GSR,53.072494,2,246424079.38
2026-04-28,GSU,0.000000,0,0.01
2026-04-28,GTA,1.620720,81497,28079651585.98
2026-04-28,GTF,13.641337,574,201597563.46
2026-04-28,GTH,1.335306,397,10261638.10
2026-04-28,GTK,6.350367,1,25588596310.09
2026-04-28,GTL,0.119371,322847,140544141937.61
2026-04-28,GTM,7.884676,14454,1201598699.19
2026-04-28,GTN,48.772334,2,1366236706.96
2026-04-28,GTY,5.796230,655,477755567.33
2026-04-28,GTZ,12.978380,70578,15949904139.85
2026-04-28,GUA,5.462515,1,1867419775.80
2026-04-28,GUB,2.275677,3477,2183786648.38
2026-04-28,GUC,1.293992,1,2801643656.25
2026-04-28,GUH,0.372132,27149,2677449216.18
2026-04-28,GUK,1.565812,3362,1303186370.49
2026-04-28,GUM,13.805142,58637,8097488143.34
2026-04-28,GUV,1.603527,2100,626905416.92
2026-04-28,GVA,4.175703,3452,96783815.48
2026-04-28,GVB,63.302825,3,3323375536.43
2026-04-28,GVC,60.029479,1,284495787.14
2026-04-28,GVD,19.882741,1,439706.81
2026-04-28,GVI,5.476802,5391,1409594326.16
2026-04-28,GVL,62.029597,3,488304058.11
2026-04-28,GVZ,68.681904,2,380041286.09
2026-04-28,GYC,3.680877,1,15108858787.33
2026-04-28,GYG,66.967458,4,498779049.10
2026-04-28,GYK,0.102024,281,73755940.56
2026-04-28,GYL,12.937847,7708,1012185552.91
2026-04-28,GYN,62.949141,1,1297606214.00
2026-04-28,GYR,58.752801,5,565207230.57
2026-04-28,GZB,6.654081,1,1264275440.10
2026-04-28,GZD,57.781315,3,50656763.42
2026-04-28,GZE,7.293581,5304,1902132214.87
2026-04-28,GZG,5.831169,1622,425159344.74
2026-04-28,GZH,5.088450,6439,430997255.69
2026-04-28,GZJ,8.247938,6082,1986650790.48
2026-04-28,GZL,5.228925,6208,346985774.89
2026-04-28,GZM,8.255485,321,120559258.03
2026-04-28,GZN,44.249026,1718,445195689.20
2026-04-28,GZO,65.757627,1,108152752.76
2026-04-28,GZP,7.058517,9804,4255747085.67
2026-04-28,GZR,11.822878,2194,1082343016.27
2026-04-28,GZU,63.173841,2,431455162.47
2026-04-28,GZV,7.973445,1378,95158454.31
2026-04-28,GZY,7.200594,2337,64472049.24
2026-04-28,GZZ,6.539842,1294,61120510.22
2026-04-28,HAE,52.173017,1069,2358784485.58
2026-04-28,HAG,57.716029,47,408949001.32
2026-04-28,HAM,3.145239,8996,1840754059.27
2026-04-28,HAR,1.056247,63,40302575.70
2026-04-28,HAT,1.799739,120,8835808.45
2026-04-28,HB1,46.966715,330,21203710636.12
2026-04-28,HB2,54.489079,188,10777285413.09
2026-04-28,HBF,51.465520,12743,7281826263.02
2026-04-28,HBJ,2.410438,1,241043.75
2026-04-28,HBN,4.066492,1128,528985509.71
2026-04-28,HBU,1.486429,2867,474838924.23
2026-04-28,HBV,16.079005,18,925329549.30
2026-04-28,HCV,1.017312,219,60663782.19
2026-04-28,HDA,2.835517,775,413926501.00
2026-04-28,HDE,54.348650,4390,7984640301.46
2026-04-28,HDH,9267.313504,18,34370019216.17
2026-04-28,HDJ,5.784671,11,14343704.98
2026-04-28,HDK,2.805437,151,12830490.74
2026-04-28,HDS,15.384664,13,1544903311.49
2026-04-28,HDV,61.987951,2209,4313211374.31
2026-04-28,HEH,2.914564,1867,732527896.68
2026-04-28,HFA,2.934660,2,4149112819.61
2026-04-28,HFI,1.654942,158,47145159.58
2026-04-28,HFR,1.510777,784,92583142.70
2026-04-28,HFV,59.401788,3371,8955023687.63
2026-04-28,HFY,1.165118,28,793270061.30
2026-04-28,HGC,49.380630,196,313031565.01
2026-04-28,HGH,1.786827,21,79309099.95
2026-04-28,HGJ,13.507929,11,6037085.13
2026-04-28,HGM,4.016688,2090,157990900.26
2026-04-28,HGR,1.184407,343,55164715.24
2026-04-28,HGT,88.622812,14,3630287631.59
2026-04-28,HGU,4.423833,2,2481852412.85
2026-04-28,HGV,5.350727,553,65178691.62
2026-04-28,HIA,1.382490,349,485965249.05
2026-04-28,HIF,0.639627,23,1111268.02
2026-04-28,HIH,1.429318,6309,364741467.48
2026-04-28,HII,3.091140,1,1018120059.67
2026-04-28,HIM,3.577958,299,416664160.92
2026-04-28,HIP,1.916310,859,1290420972.89
2026-04-28,HIS,3.479931,12,1417170.52
2026-04-28,HIZ,1.929524,1130,182722521.55
2026-04-28,HJA,28.832147,13,3345100286.83
2026-04-28,HJB,4.402167,1832,139638421.20
2026-04-28,HKG,1.411000,999,35289736.22
2026-04-28,HKH,8.506525,16035,1773672597.67
2026-04-28,HKJ,1.224342,2657,12758205081.08
2026-04-28,HKM,4.887955,1591,167146137.74
2026-04-28,HKP,5.558195,125,423536524.79
2026-04-28,HKR,3.991721,1845,1717794857.05
2026-04-28,HKV,524.964202,37364,3784693718.21
2026-04-28,HLA,2.302078,11,51388121.23
2026-04-28,HLL,0.337932,1037933,42594189032.81
2026-04-28,HLR,247.271971,14,5837924817.02
2026-04-28,HMC,7.585708,123,6909381.03
2026-04-28,HME,50.579775,8306,24944798742.77
2026-04-28,HMG,0.060821,4753,1866067893.61
2026-04-28,HMK,304.567654,112,293181392.04
2026-04-28,HML,45.929880,45,20181727.20
2026-04-28,HMS,0.103815,4516,436547437.46
2026-04-28,HMT,6.788157,22,567699418.50
2026-04-28,HMV,19.295983,13,15775369840.04
2026-04-28,HNC,1.388536,109,14591596.44
2026-04-28,HNS,46.633271,109,489573798.32
2026-04-28,HOA,0.220253,3357,1527643525.04
2026-04-28,HOY,0.329453,2618,1230209295.38
2026-04-28,HP3,54.123325,141,305242456.89
2026-04-28,HPC,11.961039,7,34546389274.40
2026-04-28,HPD,0.212726,1564,343617106.18
2026-04-28,HPF,36.846923,12,1589912311.75
2026-04-28,HPH,2.115020,10579,12811625086.67
2026-04-28,HPI,8.095737,14,278607357.96
2026-04-28,HPJ,3.721936,1,73020879.46
2026-04-28,HPL,2.614640,24,1185929120.54
2026-04-28,HPO,0.153128,3049,1296212691.70
2026-04-28,HPT,0.101014,10349,2485800050.55
2026-04-28,HPV,6.923243,341942,8208834297.44
2026-04-28,HPZ,592.661957,16,1198955.14
2026-04-28,HRZ,2.269883,8297,651889923.50
2026-04-28,HSA,1548.314339,2724,4167702991.96
2026-04-28,HSL,365.371636,24340,22570311805.46
2026-04-28,HSP,45.219175,1072,1944745808.27
2026-04-28,HST,0.920657,3904,456606489.35
2026-04-28,HTF,1.280441,534,7527075104.45
2026-04-28,HTJ,1.661486,152,8999808.64
2026-04-28,HTS,52.300825,1796,3158862958.63
2026-04-28,HTZ,15.453580,13,731300066.53
2026-04-28,HUI,86.642073,1,2044723111.81
2026-04-28,HUS,0.003640,12,2071072.39
2026-04-28,HVA,417.676414,17,115552268.41
2026-04-28,HVB,1.770088,13,2032796636.81
2026-04-28,HVC,25.779283,17,70318948.54
2026-04-28,HVI,1.266160,498,49725509.39
2026-04-28,HVK,5.077762,2129,1127157537.84
2026-04-28,HVL,20.450664,11,2871273.18
2026-04-28,HVN,5.406813,12,6136575.60
2026-04-28,HVS,1.592293,10936,2955765576.63
2026-04-28,HVT,4.158289,2108,782852481.20
2026-04-28,HVU,5.371115,906,21523788.88
2026-04-28,HVV,64.798810,1,3285680726.57
2026-04-28,HVZ,6.892577,2071,104773926.53
2026-04-28,HYK,10.232480,24,198045566.75
2026-04-28,HYP,9.097586,60,23208213.64
2026-04-28,HYU,1.595224,299,1017541491.23
2026-04-28,HYV,5.610015,7655,7156026912.02
2026-04-28,HYY,12.495528,1,6166389156.16
2026-04-28,HZV,5.774786,3,945878210.15
2026-04-28,IAC,4.224227,1,2929159217.59
2026-04-28,IAE,1.977137,520,242490825.94
2026-04-28,IAF,0.869521,11,55256200.18
2026-04-28,IAI,6.600932,1,75219799.17
2026-04-28,IAM,1.624708,3140,91663316.25
2026-04-28,IAR,72.828677,28,164199389.43
2026-04-28,IAS,2.180641,17,3529023263.48
2026-04-28,IAT,0.177474,8451,1625111447.92
2026-04-28,IAU,2.386513,299,38624450.63
2026-04-28,IAY,1.525317,221,49411618.69
2026-04-28,IBB,14.220486,8755,1122462375.92
2026-04-28,IBC,17.343966,5,371661999.21
2026-04-28,IBE,22.725699,12,752852300.74
2026-04-28,IBG,1.454658,11,485483416.37
2026-04-28,IBJ,60.742009,23,737917797.44
2026-04-28,IBK,0.121243,122422,210848949.68
2026-04-28,IBM,3.564936,17,245854351.93
2026-04-28,IBP,64.438772,4,4310474894.92
2026-04-28,IBR,0.266272,71,1551554106.01
2026-04-28,ICA,0.561071,3445,725455839.67
2026-04-28,ICC,1.270951,288,30627869.95
2026-04-28,ICD,121.516108,212,41338686.22
2026-04-28,ICE,113.291856,5562,2030350934.28
2026-04-28,ICF,187.130955,552,19946662.77
2026-04-28,ICG,65.618969,1,1167430357.47
2026-04-28,ICH,2.018963,1541,166971076.26
2026-04-28,ICN,3.745665,15,163865251.96
2026-04-28,ICS,47.765268,67,43064066.71
2026-04-28,ICV,5.524381,50,6723105.36
2026-04-28,ICZ,8.194114,22222,974734255.46
2026-04-28,IDD,0.150703,25,31554234.35
2026-04-28,IDF,71.805249,4577,13391459124.22
2026-04-28,IDH,12.608450,22483,1067324225.78
2026-04-28,IDI,1.476160,367,20002130.84
2026-04-28,IDL,5.337712,3686,3071210454.94
2026-04-28,IDO,54.988317,14989,74584126857.68
2026-04-28,IDP,1.957584,29,193640857.34
2026-04-28,IDV,66.184835,2,519987511.99
2026-04-28,IDY,0.214874,3127,621070356.28
2026-04-28,IED,0.997118,944,20597784.36
2026-04-28,IEN,1.285606,135,52606951.81
2026-04-28,IEV,4.852445,3144,57135331.64
2026-04-28,IEZ,6.169086,3,124029002.14
2026-04-28,IFD,56.147346,9,1122946927.55
2026-04-28,IFN,9.634556,482,6209664.19
2026-04-28,IFV,4.147444,211,15631985.45
2026-04-28,IFY,6.810889,1,136217789.17
2026-04-28,IGF,63.269410,2,1337022209.42
2026-04-28,IGL,512.967377,17780,4862719396.10
2026-04-28,IGM,61.809501,3,1180536559.45
2026-04-28,IGZ,10.578487,3,2127741535.33
2026-04-28,IHA,3.215063,393,9609119.27
2026-04-28,IHC,6.727714,337,270984403.66
2026-04-28,IHK,17.326316,33285,2036271998.18
2026-04-28,IHP,1.736452,338,192511421.31
2026-04-28,IHT,3.798665,3720,87801197.51
2026-04-28,IHV,1.918770,32,335080544.42
2026-04-28,IHY,7.277164,1,147030805.23
2026-04-28,IHZ,1.053392,57,1598317.53
2026-04-28,IIA,6.609747,11,2530417421.12
2026-04-28,IIC,3.283773,12,187323463.22
2026-04-28,IIE,8.685653,5330,1170602383.96
2026-04-28,IIF,1.313925,14,437554091.89
2026-04-28,IIH,33.325892,24514,2321532559.42
2026-04-28,IIN,1.236440,85,2365935144.32
2026-04-28,IIP,0.325711,16,39236703.49
2026-04-28,IIS,92.437018,202,3434618502.83
2026-04-28,IJA,13.301667,1350,214860347.43
2026-04-28,IJB,5.870277,7356,196197358.26
2026-04-28,IJC,14.360641,23551,2465140818.10
2026-04-28,IJE,63.459454,4,33993389.29
2026-04-28,IJF,9.851827,2,904217740.32
2026-04-28,IJH,6.685146,471,51578126.40
2026-04-28,IJI,9.820076,26,68025037.84
2026-04-28,IJK,59.675136,3,273971535.39
2026-04-28,IJL,50.687316,12,335407651.64
2026-04-28,IJP,7.949449,13031,571810056.45
2026-04-28,IJT,6.496584,1496,425549530.67
2026-04-28,IJV,4.983747,3116,3198825011.64
2026-04-28,IJZ,10.641588,11519,508474402.01
2026-04-28,IK2,44.731641,96,200375656.36
2026-04-28,IKL,8.711369,5393,202862774.39
2026-04-28,IKP,8.809118,13169,977602106.17
2026-04-28,IKV,1.362347,1099,218796128.48
2026-04-28,ILC,47.564672,223,1330758968.06
2026-04-28,ILE,4.576638,1,10188389256.57
2026-04-28,ILH,3.533233,11003,123204284547.94
2026-04-28,ILI,5.174082,16,453148270.59
2026-04-28,ILM,7.086969,13,308640653.60
2026-04-28,ILP,58.133895,6,2909171975.74
2026-04-28,ILU,1.072948,1,1700154200.04
2026-04-28,ILZ,7.583825,7337,1053161798.17
2026-04-28,IMB,1.236785,231,32503488.05
2026-04-28,IMF,5.306791,19,359640088.98
2026-04-28,IMG,46.453498,144,927353417.10
2026-04-28,IMH,6.248299,1,2204445253.53
2026-04-28,IML,1.696673,6455,1105580978.87
2026-04-28,IMO,5.293879,2,4546372101.94
2026-04-28,IMS,14.595115,4,542552235.71
2026-04-28,IMT,66.414077,4,671278884.93
2026-04-28,IMY,69.318452,6,1488201097.21
2026-04-28,IMZ,69.055996,4,286412990.47
2026-04-28,INH,13.839771,503,358794051.35
2026-04-28,INV,42.606944,1,1815691802.83
2026-04-28,INZ,3.054687,14,6110482.34
2026-04-28,IOG,14.947072,23317,16955810931.47
2026-04-28,IOH,48.882028,30,125168253.80
2026-04-28,IOJ,48.204289,40,172877691.96
2026-04-28,IOL,62.239933,1,890355433.22
2026-04-28,IOM,3.977827,15,599858911.11
2026-04-28,ION,2.643815,15,168836143.26
2026-04-28,IOO,4.075653,6513,29146748621.75
2026-04-28,IOP,5.586263,7367,7109949275.44
2026-04-28,IOT,54.631314,6,245979675.63
2026-04-28,IOV,53.519056,1,530236246.77
2026-04-28,IPA,0.784324,16,748996466.12
2026-04-28,IPB,0.851157,17355,1255323381.72
2026-04-28,IPC,23.489455,1,13506436.79
2026-04-28,IPE,9.192648,3,3829802289.57
2026-04-28,IPF,0.113441,22,142425036.29
2026-04-28,IPG,9.059902,1947,351344426.34
2026-04-28,IPJ,19.147099,18120,1270232072.62
2026-04-28,IPK,49.672588,1,2970322934.59
2026-04-28,IPO,44.432968,1,534371263.54
2026-04-28,IPP,0.167787,187,6455425191.32
2026-04-28,IPR,31.661734,1,19471966.50
2026-04-28,IPU,44.837253,1,5230876278.03
2026-04-28,IPV,73.036745,12330,1975509119.48
2026-04-28,IRB,1.161890,884,870526169.18
2026-04-28,IRE,44.821340,65,113276434.85
2026-04-28,IRF,6.354431,1615,352107361.90
2026-04-28,IRL,16.399997,15,248717400.99
2026-04-28,IRO,1.830525,46,21791056.68
2026-04-28,IRT,6.769901,1493,115413936.00
2026-04-28,IRV,6.270993,40,279812728.65
2026-04-28,IRY,3.524789,2416,2111360538.10
2026-04-28,ISR,18.189915,8,943194941.11
2026-04-28,ISS,0.274772,7,213144119.73
2026-04-28,IST,0.171847,3209,2052622383.03
2026-04-28,ITA,67.692106,1,759595666.08
2026-04-28,ITC,1.257723,350,24875842.06
2026-04-28,ITD,63.366168,1,2344565468.70
2026-04-28,ITJ,10.338872,11,408925728.21
2026-04-28,ITL,3.995645,1,4100602658.17
2026-04-28,ITP,11.182936,10659,932655266.77
2026-04-28,ITR,3.931304,1,1031448568.47
2026-04-28,ITV,45.151053,25,164673747.51
2026-04-28,ITZ,56.177262,3,1746238007.87
2026-04-28,IUA,63.579337,57,434279997.45
2026-04-28,IUB,66.652427,3,320912105.37
2026-04-28,IUC,1.930809,1,937125393.06
2026-04-28,IUF,63.768911,8276,22599634971.28
2026-04-28,IUH,5.368283,659,8911423.53
2026-04-28,IUM,62.515280,1,379815211.89
2026-04-28,IUN,71.032977,4,278585370.17
2026-04-28,IUV,62.769471,7057,23379439516.39
2026-04-28,IUZ,4.211880,1133,1225521086.47
2026-04-28,IV2,18.531227,14,1134833604.84
2026-04-28,IV6,60.481377,1,1513128526.63
2026-04-28,IV7,4.496859,1,491527764.76
2026-04-28,IV8,2.067915,130,29518912.86
2026-04-28,IVA,2.539388,3,126969403.56
2026-04-28,IVF,6.338245,1346,179856169.41
2026-04-28,IVS,5.416601,30,449864047.33
2026-04-28,IVY,5.316158,14916,813257489.53
2026-04-28,IYB,5.753006,517,99740148.52
2026-04-28,IYP,3.043661,2,2333371209.01
2026-04-28,IYR,0.130669,32,217164410.78
2026-04-28,IYS,1.296430,16,5666739325.46
2026-04-28,IYV,1.141142,74,216735192.23
2026-04-28,IZA,2.010422,1,500323046.20
2026-04-28,IZB,9.030759,30,54094953.46
2026-04-28,IZE,60.529582,1,252620997.75
2026-04-28,IZL,48.709620,21,89152882.40
2026-04-28,IZS,8.393234,13,54807816.54
2026-04-28,IZV,9.182621,2,100546536.25
2026-04-28,IZY,45.051908,32,50744261.75
2026-04-28,JET,2.172987,19945,854077926.38
2026-04-28,JOT,54.252121,1,1069288093.17
2026-04-28,JUP,0.503427,56,53754592.52
2026-04-28,KAC,3.468969,2065,16832427708.01
2026-04-28,KAN,6885.126094,36,5025522387.51
2026-04-28,KAV,54.586069,5911,19427776721.67
2026-04-28,KBJ,4.116464,119,770471109.88
2026-04-28,KBP,1.594737,6,376871859.43
2026-04-28,KBZ,48.599409,1,150390482.79
2026-04-28,KCL,1.680869,202,15641332.77
2026-04-28,KCV,4.716592,11707,2149815228.33
2026-04-28,KDE,1.565244,2045,596111497.68
2026-04-28,KDI,53.136622,10,353576075.61
2026-04-28,KDK,14.476366,1,45568516.65
2026-04-28,KDL,49.075672,7282,25587342105.96
2026-04-28,KDO,53.373055,423,1676385579.37
2026-04-28,KDS,50.738288,1370,32791117217.29
2026-04-28,KDT,50.617113,1132,3216087361.21
2026-04-28,KDV,45.259811,165,11577258680.97
2026-04-28,KDZ,45.868364,820,5340857047.71
2026-04-28,KEI,1.723476,1,309567833.13
2026-04-28,KEO,1.608692,1,63450686.41
2026-04-28,KEU,50.181181,34,3979349320.18
2026-04-28,KFZ,3.958694,1,327019499.72
2026-04-28,KGM,3.191939,30899,3725616045.52
2026-04-28,KH1,1.279879,833,88137836.41
2026-04-28,KHA,3.364474,19211,1805161317.29
2026-04-28,KHB,1.514296,216,17720035.43
2026-04-28,KHC,2.129455,1640,117750590.71
2026-04-28,KHD,1.312303,14,658438383.17
2026-04-28,KHF,0.150173,13,1125441.67
2026-04-28,KHJ,1.207177,538,17329581.04
2026-04-28,KHP,1.019429,193,6549373789.81
2026-04-28,KHT,2.794769,355,21344411.01
2026-04-28,KHU,35.491764,1,3390102.34
2026-04-28,KIA,4.452594,425,9351551.61
2026-04-28,KIB,3.933983,1004,11343723.41
2026-04-28,KIE,4.074835,915,195382316.05
2026-04-28,KIH,1.377577,34,53467922.72
2026-04-28,KIK,1.368795,1179,168431564.51
2026-04-28,KIS,0.208697,838,92974530.34
2026-04-28,KJK,0.002113,1,45220053.19
2026-04-28,KKB,59.789673,1,14650921.38
2026-04-28,KKC,54.391688,61,167233825.16
2026-04-28,KKE,48.356046,2,83500253.72
2026-04-28,KKH,6.385716,5515,540226409.90
2026-04-28,KKL,2.167730,1255,2743159787.75
2026-04-28,KKO,45.752608,262,2131996324.18
2026-04-28,KKP,46.330368,319,3764061919.77
2026-04-28,KKT,2.760547,35,1937641978.10
2026-04-28,KLH,2.659871,2383,127769183.05
2026-04-28,KLI,1.158228,96,481336858.73
2026-04-28,KLL,54.406561,1,10683816.35
2026-04-28,KLM,62.272335,1,926430253.31
2026-04-28,KLS,41.085516,2,1009388.95
2026-04-28,KLU,4.289134,87363,64610249107.69
2026-04-28,KMA,158.655020,1,11870251.30
2026-04-28,KME,1.482887,1070,180944031.17
2026-04-28,KMF,3.478646,2691,2186111421.86
2026-04-28,KMN,0.991729,4942,742854076.16
2026-04-28,KMT,3.663530,1,90801937.21
2026-04-28,KNC,62.776197,16,345322253.17
2026-04-28,KNI,1.222996,396,12458995842.76
2026-04-28,KNJ,1.906217,12786,904806724.66
2026-04-28,KNN,1.325027,18,568927832.51
2026-04-28,KNP,76.518412,2,223077186.27
2026-04-28,KNS,3.953923,1,4456828419.61
2026-04-28,KNT,56.281971,4,160826857.84
2026-04-28,KNV,66.685599,5,299441011.21
2026-04-28,KNZ,66.250807,1,976325619.97
2026-04-28,KO4,52.921016,880,4460712458.31
2026-04-28,KOB,1.251522,16,422007876.17
2026-04-28,KOP,7.432692,14,15244450.49
2026-04-28,KOT,1.432054,4654,199487930.79
2026-04-28,KOZ,60.252496,4,67388621.12
2026-04-28,KP3,50.914778,15,14624913.63
2026-04-28,KPA,1.528365,11903,341233696.61
2026-04-28,KPB,6.368972,1,5104272.36
2026-04-28,KPC,19.687869,20606,3570590739.86
2026-04-28,KPD,46.189623,580,249893895.62
2026-04-28,KPF,1.554948,193,93592612.93
2026-04-28,KPH,1.356014,13265,676643447.25
2026-04-28,KPI,1.304480,3743,3236431108.77
2026-04-28,KPK,9.393961,1,434495818.84
2026-04-28,KPP,2.795118,759,687653062.37
2026-04-28,KPR,1.659872,1189,50503029361.39
2026-04-28,KPU,3.793783,6098,569873217.80
2026-04-28,KRC,0.132775,154,28514515.42
2026-04-28,KRF,19.452106,723,128054904.01
2026-04-28,KRH,1.388261,42,1809085368.60
2026-04-28,KRO,45.202500,60,289278009.10
2026-04-28,KRR,1.114072,587,22396451.67
2026-04-28,KRS,0.487056,1400,1637386034.65
2026-04-28,KRT,69.357672,172,789307991.50
2026-04-28,KRV,45.123373,1048,5351180835.47
2026-04-28,KSA,3.609809,2748,12083257230.44
2026-04-28,KSC,46.104976,1,45309895.79
2026-04-28,KSK,2.587943,632,6002662115.16
2026-04-28,KSL,53.539310,120,263751129.57
2026-04-28,KSM,48.019932,756,15324170048.84
2026-04-28,KSP,60.995573,278,1141227164.38
2026-04-28,KSR,4.761584,3766,171749821.52
2026-04-28,KST,1.986082,557,12358916.70
2026-04-28,KSV,5.118160,11188,30983282739.79
2026-04-28,KSY,9.737523,83,3110941166.38
2026-04-28,KTE,41.649835,1,100542951.15
2026-04-28,KTI,1.936797,540,228662190.17
2026-04-28,KTJ,2.160147,12531,761116992.71
2026-04-28,KTM,20.141836,5830,709817106.07
2026-04-28,KTN,7.412955,3918,477060050.22
2026-04-28,KTR,9.464886,717,22004060447.66
2026-04-28,KTS,13.715557,699,102649380.72
2026-04-28,KTT,65.743642,1417,5398001784.97
2026-04-28,KTU,26.808351,1,704686569.31
2026-04-28,KTV,6.869770,45308,26607277853.09
2026-04-28,KU3,1.019602,836,57628377.80
2026-04-28,KUA,1.405488,2214,159483997.37
2026-04-28,KUB,0.695234,4118,328257376.89
2026-04-28,KUD,1.536130,1020,74306792.44
2026-04-28,KUP,46.627016,132,1637567327.81
2026-04-28,KUT,12.579173,46268,9623612411.36
2026-04-28,KVA,1.565231,1,574550822.79
2026-04-28,KVK,1.149980,150,489070642.10
2026-04-28,KVR,1.146180,43,146172723.38
2026-04-28,KVS,3.352088,2375,18463256013.49
2026-04-28,KVT,1.394539,2994,127530405.22
2026-04-28,KYA,1.264354,1936,82013791.76
2026-04-28,KYR,0.805991,11,513371154.02
2026-04-28,KYS,49.939578,4,10232619.49
2026-04-28,KZL,28.393985,69005,86405380390.50
2026-04-28,KZO,2.007702,3,1040098300.26
2026-04-28,KZU,2.398702,6500,502996639.98
2026-04-28,LAI,1.823082,11,94242.42
2026-04-28,LET,52.122047,2,706897443.81
2026-04-28,LFD,8.319742,1,2368029612.99
2026-04-28,LGK,1.267656,1,1478140829.84
2026-04-28,LGO,6.126558,12,334655359.68
2026-04-28,LHM,77.088300,4,726668309.68
2026-04-28,LHP,53.430356,103,92866392.68
2026-04-28,LKT,1.670286,304,153570963.73
2026-04-28,LLA,1.365772,1028,53769538.42
2026-04-28,LPH,1.267241,867,666860123.76
2026-04-28,LRT,3.270140,11,757630034.55
2026-04-28,LTC,1.448869,394,170048323.96
2026-04-28,LTS,3.643821,14,1613120135.24
2026-04-28,LZV,10.069008,2,114515583.49
2026-04-28,MAC,0.774832,38720,4886752389.85
2026-04-28,MAD,1.032014,401,23969825.20
2026-04-28,MAS,13.042580,89,905947615.27
2026-04-28,MAV,55.411905,1,875431359.88
2026-04-28,MBL,0.255791,224,21302859.35
2026-04-28,MBR,1.506140,225,123035165.38
2026-04-28,MCU,1.242514,153,24847569.56
2026-04-28,MD1,1.986736,627,66459916.64
2026-04-28,MD2,1.890638,734,172957389.44
2026-04-28,MDF,1.281747,1391,797664665.96
2026-04-28,MET,5.474931,6907,724517547.11
2026-04-28,MGB,1.391301,563,72464629.22
2026-04-28,MGD,0.865792,1,581899499.24
2026-04-28,MGE,8.244472,69,4698590496.18
2026-04-28,MGH,2.020787,864,635233221.92
2026-04-28,MHF,1.965551,1411,80543713.40
2026-04-28,MIK,3.305417,12,1057835.81
2026-04-28,MJB,7.266697,834,64507442.17
2026-04-28,MJE,54.730540,940,6556195144.66
2026-04-28,MJG,11.825311,8621,1169979404.61
2026-04-28,MJH,4.378975,21,40359065.08
2026-04-28,MJK,36.056224,490,2270161657.02
2026-04-28,MJL,57.871920,629,894309472.78
2026-04-28,MKA,1.353202,1883,103709482.72
2026-04-28,MKG,17.689302,9273,1625317506.95
2026-04-28,MKL,58.298953,1,752383957.73
2026-04-28,MLS,16.589536,4,1240264122.03
2026-04-28,MLT,1.346489,146,39867408.04
2026-04-28,MMH,16.965086,1605,183051122.94
2026-04-28,MOD,56.500585,2,705086965.50
2026-04-28,MOZ,1.179554,141,272204024.28
2026-04-28,MP2,1.774813,13,4705568024.99
2026-04-28,MP4,2.729202,15,5356529903.88
2026-04-28,MPD,56.508566,778,3348079607.29
2026-04-28,MPE,1.280876,85,86071850.73
2026-04-28,MPF,7.407519,1907,1482204882.75
2026-04-28,MPI,2.752889,22,80392986.80
2026-04-28,MPK,8.808710,1473,279525530.16
2026-04-28,MPL,1.826961,1441,2129826771.82
2026-04-28,MPN,57.669182,331,365965572.56
2026-04-28,MPP,22.239773,1783,612979482.47
2026-04-28,MPS,24.350503,2666,165794231.19
2026-04-28,MRI,1.269936,141,14280653.56
2026-04-28,MSK,3.502812,1,1050560654.87
2026-04-28,MSO,54.555634,1,531665384.56
2026-04-28,MSR,2.007952,16,36972708.73
2026-04-28,MT1,42.637456,20,35252094.38
2026-04-28,MT2,1.225105,4764,10838037676.25
2026-04-28,MT5,1.384298,18,511849056.85
2026-04-28,MT6,1.929658,13,925672298.23
2026-04-28,MT7,0.720772,15,94071481.84
2026-04-28,MT8,1.983567,16,3013642620.48
2026-04-28,MT9,0.544469,17,6102791066.36
2026-04-28,MTD,1.342163,1983,184061897.78
2026-04-28,MTE,4.441665,17,544197303.56
2026-04-28,MTF,1.282220,41,63615555.33
2026-04-28,MTG,1.451795,144,45637346.67
2026-04-28,MTH,1.900757,4956,748173251.30
2026-04-28,MTI,0.017284,2,2067082.75
2026-04-28,MTK,1.522193,492,50008082.22
2026-04-28,MTL,3.191173,14,8358084684.17
2026-04-28,MTS,2.697084,757,93454608.95
2026-04-28,MTU,1.294114,18,1278688.44
2026-04-28,MTV,4.961583,12979,131552092.72
2026-04-28,MTX,4.759273,2270,105100981.59
2026-04-28,MUL,1.777419,13,9177094.69
2026-04-28,MUT,1.743739,1760,917818138.49
2026-04-28,NAK,1.088006,181,140567342.82
2026-04-28,NAL,1.854733,23,1397154824.88
2026-04-28,NAU,3.200628,12481,3098672019.04
2026-04-28,NBE,1.591935,11,1004642396.28
2026-04-28,NBH,5.902871,145,1034056532.86
2026-04-28,NBO,1.333191,411,1634265966.78
2026-04-28,NBZ,67.314274,285,1356085487.63
2026-04-28,NCS,53.378000,1852,7817638883.31
2026-04-28,NCU,56.239768,12,131486664.45
2026-04-28,NDL,2.071486,1,11681342.78
2026-04-28,NDS,0.846304,12,509431152.80
2026-04-28,NES,2.028058,2,2026038629.63
2026-04-28,NFF,1.210336,52,1808513822.28
2026-04-28,NFH,2.079359,51,125748662.65
2026-04-28,NFK,4.719736,97,1549454187.90
2026-04-28,NHP,5.314461,171,11942039.29
2026-04-28,NHT,59.667713,2,591615871.95
2026-04-28,NHV,4.113318,2,7580660879.23
2026-04-28,NHY,5.562607,2483,170805211.31
2026-04-28,NIG,1.029133,12,294146282.02
2026-04-28,NIS,1.521203,25,947156259.83
2026-04-28,NJF,12.499658,1750,1312830416.60
2026-04-28,NJG,2.711061,15,66448644.45
2026-04-28,NJR,5.094209,2821,1261038477.76
2026-04-28,NJY,6.665944,1352,296144280.63
2026-04-28,NKA,46.167795,15,157313989.98
2026-04-28,NKC,1.263394,1300,480628777.39
2026-04-28,NKH,1.565354,12,145364982.83
2026-04-28,NKJ,14.869252,1,1526156782.05
2026-04-28,NKK,7.801776,11,1489401795.65
2026-04-28,NKL,3.131954,2519,16515480265.75
2026-04-28,NKM,1.015602,574,52905922.68
2026-04-28,NKP,1.172685,3149,169977350.46
2026-04-28,NKS,1.815502,11,24509455.72
2026-04-28,NKT,1.368475,413,55915987.18
2026-04-28,NKV,2.043274,1,13245963797.78
2026-04-28,NLC,47.497814,16,166253699.76
2026-04-28,NLD,50.646810,1,1327039253.73
2026-04-28,NLE,1.446497,11575,415102207.08
2026-04-28,NLK,1.660005,1147,5252515999.04
2026-04-28,NLL,3.390828,26,1374007663.93
2026-04-28,NME,54.659896,64,71988394.92
2026-04-28,NMG,120.155649,10,2713258391.68
2026-04-28,NMU,1.099709,50,28070384.67
2026-04-28,NNF,22.432065,22306,3125302363.09
2026-04-28,NOA,1.434436,11,545979396.45
2026-04-28,NOI,1.300287,13,908202723.05
2026-04-28,NOV,57.997137,1,819031450.13
2026-04-28,NP1,4.615470,164,1377592972.89
2026-04-28,NPH,1.762882,1014,299451918.28
2026-04-28,NPK,1.481142,1,878364434.06
2026-04-28,NRC,11.340330,4162,242206583.04
2026-04-28,NRG,4.930073,3804,6433996021.45
2026-04-28,NRM,135.924272,11,351889861.49
2026-04-28,NSA,2.253051,297,1448487460.95
2026-04-28,NSD,60.034935,136,13481113415.30
2026-04-28,NSH,1.945233,1456,1365519126.49
2026-04-28,NSK,5.964281,105,377252994.28
2026-04-28,NSP,1.631587,2619,1557258315.96
2026-04-28,NSS,59.668707,1,1026439468.57
2026-04-28,NST,1.222569,4468,86176147.01
2026-04-28,NSY,1.301291,76,1107002218.98
2026-04-28,NTB,5.697624,1,3139187081.66
2026-04-28,NTD,0.440723,1,597366008.54
2026-04-28,NTF,2.799132,10,229710097.52
2026-04-28,NTI,1.359122,576,146157363.30
2026-04-28,NTO,60.897084,1,3297240074.29
2026-04-28,NTS,2.731733,33,201235716.71
2026-04-28,NUB,56.515348,878,2006302213.00
2026-04-28,NUG,45.876156,11,3057946198.86
2026-04-28,NUH,1.257444,885,90632131.14
2026-04-28,NVB,4.271594,5233,5729001484.58
2026-04-28,NVC,4.553974,102,11880064.72
2026-04-28,NVK,43.508817,17,40201711.84
2026-04-28,NVP,63.833089,1,57200447.72
2026-04-28,NVT,4.137815,74,642640443.86
2026-04-28,NVZ,54.640326,312,673473710.08
2026-04-28,NYH,57.760124,1,992886944.42
2026-04-28,NZH,3.225029,294,246269239.68
2026-04-28,NZT,5.372991,454,6291529280.83
2026-04-28,NZU,47.403137,39,57919096.64
2026-04-28,OAB,71.380142,3,626977041.99
2026-04-28,OBI,2.831476,507,274288304.54
2026-04-28,OBN,54.337788,137,157012081.56
2026-04-28,OBP,0.188303,867,35133453.95
2026-04-28,OBR,50.160245,11480,48017211549.12
2026-04-28,OCM,64.221459,2,468850494.49
2026-04-28,OCN,47.066604,4,110169034.69
2026-04-28,OCT,68.448459,5,441123214.91
2026-04-28,ODD,10.051722,33,428560763.07
2026-04-28,ODG,1.040395,28,29645762.89
2026-04-28,ODN,52.659895,172,165978250.38
2026-04-28,ODP,6.188871,121,222786286.16
2026-04-28,ODS,65.960508,132,123269240.48
2026-04-28,ODV,19.480427,4293,1707538053.65
2026-04-28,OFA,54.538356,142,243617708.86
2026-04-28,OFB,10.055166,13,909340159.27
2026-04-28,OFI,3.818529,728,151251977.07
2026-04-28,OFK,48.531940,289,1118412723.99
2026-04-28,OFO,64.513855,1,2026625611.19
2026-04-28,OFS,7.812269,509,182844276.28
2026-04-28,OGD,11.758855,3391,824904299.10
2026-04-28,OGF,8.343492,446,125386986.56
2026-04-28,OGV,66.900096,1,305910723.09
2026-04-28,OHB,23.723434,1160,1457962942.55
2026-04-28,OHI,0.033457,46,86240571.85
2026-04-28,OHK,2.640054,1169,27963925.43
2026-04-28,OIL,3.916244,687,47858970.43
2026-04-28,OIR,4.685769,269,24677396.07
2026-04-28,OIS,3.147054,2,599966673.02
2026-04-28,OJB,49.558159,7469,29580932957.41
2026-04-28,OJH,10.113106,30,28727209.16
2026-04-28,OJK,13.455790,30572,50720645926.83
2026-04-28,OJT,11.005400,11149,3321984878.80
2026-04-28,OJU,63.634657,2,53914654.01
2026-04-28,OJY,73.982397,6,2714289191.01
2026-04-28,OKD,0.573487,1070,88853360.58
2026-04-28,OKF,4.196276,12,7439889520.26
2026-04-28,OKP,5.744835,451,72749172.72
2026-04-28,OKT,0.145083,870,109678020.04
2026-04-28,OLA,51.701546,33,19766482.67
2026-04-28,OLD,3.122381,6018,161459643.57
2026-04-28,OLE,4.474627,508,305330171.49
2026-04-28,OMB,59.351824,3,182604551.48
2026-04-28,OMC,67.064173,2,390936109.84
2026-04-28,OME,24.431855,69,83459584.66
2026-04-28,OMG,1.741703,700,1247960255.50
2026-04-28,ONB,48.720633,589,5751977736.06
2026-04-28,OND,45.018612,636,3326425260.73
2026-04-28,ONE,1.495507,782,40476130.03
2026-04-28,ONF,61.524707,625,2583732295.59
2026-04-28,ONK,56.885993,22339,75160751508.55
2026-04-28,ONN,5.742760,816,1645170940.23
2026-04-28,ONS,50.275193,23186,154071609395.14
2026-04-28,ONT,49.170333,421,5652814085.31
2026-04-28,ONY,62.186708,743,2241797007.73
2026-04-28,OPB,12.463508,438,47262568.47
2026-04-28,OPD,7.578958,22,60300649.62
2026-04-28,OPF,2.850614,959,311758769.69
2026-04-28,OPH,24.673180,2722,824654074.74
2026-04-28,OPI,23.775212,1494,233691100.70
2026-04-28,OPJ,1.494852,2449,365803311.99
2026-04-28,OPL,9.288260,961,101487011.59
2026-04-28,OPZ,5.227225,1,654223662.12
2026-04-28,ORC,1.444257,47,1153749065.44
2026-04-28,ORI,56.568478,5,1554253448.79
2026-04-28,OSD,12.555875,948,602291525.47
2026-04-28,OSF,98.443292,17,5795926760.39
2026-04-28,OSH,0.525112,17,59231725.61
2026-04-28,OSL,0.138205,4371,1104059043.65
2026-04-28,OSN,1.415602,122,41092996.35
2026-04-28,OTE,62.693117,2,189680784.22
2026-04-28,OTF,6.181200,1820,688971912.65
2026-04-28,OTJ,7.493764,27206,3886468282.61
2026-04-28,OTK,7.512959,64,3937992.83
2026-04-28,OTM,1.318184,102,14031058.44
2026-04-28,OTZ,65.478478,4,292833309.39
2026-04-28,OUB,6.229035,14,778384765.61
2026-04-28,OUD,62.269508,127,126175770.77
2026-04-28,OUN,50.287742,209,177566870.16
2026-04-28,OUR,78.640911,11,29683562.48
2026-04-28,OUY,61.787198,2,1572619203.54
2026-04-28,OVD,3.221688,3195,817392371.39
2026-04-28,OVR,65.457339,1,466904124.45
2026-04-28,OVT,76.633952,1,721024717.04
2026-04-28,OYL,0.143432,9038,3594022631.71
2026-04-28,OYS,9.163030,11,16674202916.18
2026-04-28,OYT,0.121762,75,1857929737.39
2026-04-28,OZC,2.806369,1,1016243112.76
2026-04-28,P1A,1.334246,286,952383448.20
2026-04-28,PAB,1.238632,419,81611437.81
2026-04-28,PAC,3.360926,1,861295249.14
2026-04-28,PAF,3.589631,4064,361636241.70
2026-04-28,PAI,6.258199,710,876654042.39
2026-04-28,PAL,52.981230,33104,169765335178.43
2026-04-28,PAO,1.401182,361,14477567.87
2026-04-28,PAU,63.223118,3846,10615536526.53
2026-04-28,PBE,3.899133,11,35961610.83
2026-04-28,PBF,1.822315,2,2482417260.13
2026-04-28,PBH,1.433250,12,3422212231.91
2026-04-28,PBI,2.051736,317,98923522.13
2026-04-28,PBK,55.001276,138,134605393.89
2026-04-28,PBN,1.376150,956,496013193.24
2026-04-28,PBR,3.887048,33266,13282441638.93
2026-04-28,PBS,64.620211,22,356081270.37
2026-04-28,PBY,3.035914,56,232258783.86
2026-04-28,PCE,1.165586,210,225012890.98
2026-04-28,PCH,3.792207,57,927031356.66
2026-04-28,PCN,60.697193,13,522793966.15
2026-04-28,PCS,4.472503,39,36442312522.43
2026-04-28,PDC,0.688907,13,1011428581.10
2026-04-28,PDD,5.375705,198,970410197.74
2026-04-28,PDE,1.210271,13,12454644875.31
2026-04-28,PDF,56.045079,61,461305024.79
2026-04-28,PDG,0.165267,13,821472713.71
2026-04-28,PDH,15.844704,79,5319503262.23
2026-04-28,PDR,9.000000,0,0.09
2026-04-28,PDS,0.288637,43,705583461.90
2026-04-28,PEA,1.486422,96,73650150.84
2026-04-28,PFO,2.242723,323,76814265.05
2026-04-28,PFS,2.670307,104,20673118.40
2026-04-28,PGD,1.578609,102,140703532.70
2026-04-28,PGE,13.641084,46,5508711580.40
2026-04-28,PGH,7.706660,12,10223623052.69
2026-04-28,PGS,1.242581,537,199861407.53
2026-04-28,PHB,1.623848,13,569733551.21
2026-04-28,PHE,2.856028,89982,37038774019.71
2026-04-28,PHF,0.911548,12,268010044.47
2026-04-28,PHI,1.506775,121,69300179.53
2026-04-28,PHK,1.481001,213,74796186.17
2026-04-28,PHN,605.918846,15,13318574296.43
2026-04-28,PHS,4.229457,20,381108254.79
2026-04-28,PHY,8.410313,46,1158204848.20
2026-04-28,PID,1.683994,91,52092780.31
2026-04-28,PIL,3.973269,8247,533638638.36
2026-04-28,PIP,1.488927,472,43971996259.78
2026-04-28,PIR,1.700288,1293,210942756.29
2026-04-28,PIS,1.273497,288,1475055940.86
2026-04-28,PJL,4.606168,3415,1483578227.93
2026-04-28,PJP,46.350172,15,370508166.70
2026-04-28,PKD,0.859029,57,13972848.57
2026-04-28,PKF,4.788025,1743,619546590.14
2026-04-28,PKH,0.889551,11,97273807.88
2026-04-28,PKL,2.228221,15,9157297252.43
2026-04-28,PKN,1.919184,15,253493929.48
2026-04-28,PKP,1.111084,67,428930216.57
2026-04-28,PKR,1.384837,159,620653635.24
2026-04-28,PKT,1.408141,683,9252797930.53
2026-04-28,PKU,7.514209,46,6341117878.57
2026-04-28,PKV,1.789269,3682,16505101954.40
2026-04-28,PKZ,7.812432,13,47000722073.15
2026-04-28,PLA,1.120850,113,2679911.03
2026-04-28,PLR,1.474701,747,593889611.23
2026-04-28,PLS,25.647329,8,907366783.69
2026-04-28,PMG,1.582809,1,1384454351.63
2026-04-28,PMH,0.016110,44,15418977.23
2026-04-28,PMP,1.218944,808,49925222.65
2026-04-28,PNU,1.063313,1350,6975092011.31
2026-04-28,PO7,0.951036,44,2717741669.07
2026-04-28,PO8,3.658782,51,429093409.66
2026-04-28,PO9,0.866870,152,13521516.36
2026-04-28,POB,5.043697,46,5205449439.20
2026-04-28,POD,64.183959,1425,4693832125.03
2026-04-28,POF,7.472160,46,6611975348.26
2026-04-28,POH,1.110628,4,1900705856.71
2026-04-28,POI,0.102838,43,257527402.49
2026-04-28,POS,1.209292,561,57482858.95
2026-04-28,POU,2.515074,75,7133854092.18
2026-04-28,PP1,1.696143,378,46990408.96
2026-04-28,PPB,10.252399,1856,414331498.60
2026-04-28,PPD,33.861600,104,2106337223.05
2026-04-28,PPE,58.332059,77,772770337.88
2026-04-28,PPF,4.584886,22,493156492.94
2026-04-28,PPG,1.290321,1001,900615790.02
2026-04-28,PPH,1.679991,3544,111434633.45
2026-04-28,PPI,2.026966,3130,8500111047.35
2026-04-28,PPJ,1.631988,6533,55002611743.99
2026-04-28,PPK,1.993185,2735,5487099152.80
2026-04-28,PPM,1.943317,211,292556073.06
2026-04-28,PPN,5.087403,14969,12420958076.90
2026-04-28,PPO,1.647658,45,100818117.03
2026-04-28,PPP,2.765086,388,4384051535.16
2026-04-28,PPS,4.059852,5881,2033247075.17
2026-04-28,PPT,2.862942,3647,2001336350.83
2026-04-28,PPU,2.237200,45,298949417.87
2026-04-28,PPV,1.016132,24,109508321.49
2026-04-28,PPZ,5.827435,8028,13026807844.21
2026-04-28,PRD,2.057191,640,405191341.00
2026-04-28,PRF,59.097138,2,162224893.23
2026-04-28,PRH,1.936843,382,624340451.47
2026-04-28,PRR,1.181733,115,440152997.71
2026-04-28,PRU,3.164610,1537,3019636448.01
2026-04-28,PRV,1.189100,84,2496573704.10
2026-04-28,PRY,2.733715,37969,78698048201.59
2026-04-28,PRZ,0.000000,0,12496.05
2026-04-28,PSD,50.080407,1,2552205967.19
2026-04-28,PSE,1.621488,6539,19107546906.19
2026-04-28,PSG,8.789991,15,124730310.95
2026-04-28,PSH,1.019495,110,15563999.95
2026-04-28,PSL,7.761956,52,703512746.59
2026-04-28,PSO,0.414815,1,848823427.95
2026-04-28,PSR,6.590823,46,166165205.45
2026-04-28,PSS,5.331525,11,357131422.93
2026-04-28,PST,0.028069,51,345015706.40
2026-04-28,PTC,61.283158,16,977143835.40
2026-04-28,PTE,1.502440,4630,41455906268.60
2026-04-28,PTF,1.311318,380,1076782520.35
2026-04-28,PTG,59.474589,1,115915973.07
2026-04-28,PTL,1.651609,757,532405775.53
2026-04-28,PTN,1.630865,1073,758131281.05
2026-04-28,PTO,1.443590,509,288998758.29
2026-04-28,PTP,1.059265,164,20952055.02
2026-04-28,PTS,1.414842,632,8510661590.89
2026-04-28,PUA,9.037852,1,4494267595.49
2026-04-28,PUC,6.515451,795,1257122137.46
2026-04-28,PUH,1.536784,26,356909615.94
2026-04-28,PUR,9.231624,41259,127405896367.55
2026-04-28,PUT,7.352124,1,6453601181.79
2026-04-28,PUV,53.148906,1,1134720259.52
2026-04-28,PUZ,9.180246,2,147991540.42
2026-04-28,PVK,5.141643,8590,37812502859.46
2026-04-28,PYB,1.653728,347,914037879.20
2026-04-28,PYD,0.805735,45,147075469.55
2026-04-28,PYF,9.398696,10,781945651.83
2026-04-28,PYH,7.322978,11,5349838222.41
2026-04-28,PYI,4.425269,45,1667988261.07
2026-04-28,PYL,8.718482,33,400433574.71
2026-04-28,PYR,2.132408,1782,162246367.99
2026-04-28,PYS,55.426534,49,1328662811.10
2026-04-28,RAF,3.588636,12,189959129.73
2026-04-28,RAI,1.983397,1,5177395252.96
2026-04-28,RAN,54.194431,1,1007027593.06
2026-04-28,RAV,1.345866,12,989859882.22
2026-04-28,RAY,3.658085,1,1597827517.64
2026-04-28,RBA,22.071245,6516,2359084809.75
2026-04-28,RBB,1.479588,46,41577250.23
2026-04-28,RBE,3.778033,16,2651754372.87
2026-04-28,RBF,1.645914,90,24206118.38
2026-04-28,RBH,31.741309,5209,1002313795.38
2026-04-28,RBI,53.908949,127,196613051.26
2026-04-28,RBK,8.049581,1105,48280063.77
2026-04-28,RBL,1.621300,858,392965882.84
2026-04-28,RBN,1.518306,199,43396332.79
2026-04-28,RBP,1.985056,715,2596096412.18
2026-04-28,RBR,2.864712,114,31793938.90
2026-04-28,RBT,5.803443,1793,607734032.49
2026-04-28,RBV,6.149424,15538,5753279574.70
2026-04-28,RCL,57.244283,1,153701530.60
2026-04-28,RCS,5.582254,1,2563142.15
2026-04-28,RCV,1.590102,89,117349489.60
2026-04-28,RD1,1.756383,168,62270425.47
2026-04-28,RDF,1.577141,1166,206304622.29
2026-04-28,RDH,4.406271,18,1886290653.50
2026-04-28,RDK,1.310362,2,608052.32
2026-04-28,RDS,0.000000,0,43.93
2026-04-28,RDT,0.973581,54,72191447.09
2026-04-28,RDZ,46.702333,108,616369410.57
2026-04-28,RE7,1.148126,12,194232277.69
2026-04-28,RE8,3.169299,12,1202783527.22
2026-04-28,RGD,1.034043,156,31440238.00
2026-04-28,RGH,1.058423,29,38962898.00
2026-04-28,RHD,1.827595,12,141876581.11
2026-04-28,RHI,1.585441,574,102951483.77
2026-04-28,RHS,7.434674,1803,766602484.55
2026-04-28,RIA,1.253579,81,161799224.31
2026-04-28,RIH,6.966943,676,253024484.11
2026-04-28,RIK,5.458087,6795,1476795077.65
2026-04-28,RJG,3.484073,649,133970999.92
2026-04-28,RKC,1.580867,436,68776969.89
2026-04-28,RKH,1.007363,88,8752192.54
2026-04-28,RKL,3.003427,1,2350488993.86
2026-04-28,RKS,1.890990,133,125566519.39
2026-04-28,RKV,2.309368,254,504523776.64
2026-04-28,RLH,1.535589,26,251381603.68
2026-04-28,RO1,1.143256,24,181005724.72
2026-04-28,ROD,51.988251,849,2879494751.78
2026-04-28,ROF,3.260005,1171,565014402.53
2026-04-28,ROY,1.240981,11,138262472.80
2026-04-28,RPC,4.906798,567,27590332.18
2026-04-28,RPD,13.329333,2242,304071020.05
2026-04-28,RPE,0.000000,0,10.90
2026-04-28,RPG,6.204000,1679,1422833212.61
2026-04-28,RPI,1.362315,334,16366098.49
2026-04-28,RPK,59.810303,5,116314650.68
2026-04-28,RPL,1.544055,12,112389428.59
2026-04-28,RPM,3.806924,2890,64051660.39
2026-04-28,RPN,5.069654,23,806374652.73
2026-04-28,RPO,6.740390,3,1637801307.72
2026-04-28,RPP,4.387617,8522,5952373526.04
2026-04-28,RPS,60.032912,111,206050842.95
2026-04-28,RPT,4.575717,203,1119595256.65
2026-04-28,RPU,3.266454,12,2355555584.04
2026-04-28,RPX,58.688355,147,1540462375.61
2026-04-28,RRA,1.328786,231,2935918345.42
2026-04-28,RRP,1.460464,76,164629328.63
2026-04-28,RS1,1.424314,123,556569498.79
2026-04-28,RSF,3.898657,13,991921182.55
2026-04-28,RSK,1.636867,167,186373583.85
2026-04-28,RSY,0.994298,11,146603026.37
2026-04-28,RSZ,6.287088,25,1389672543.87
2026-04-28,RTA,1.706616,15,3134232486.19
2026-04-28,RTB,2.386734,11,341197854.69
2026-04-28,RTD,1.751270,230,21454774.78
2026-04-28,RTG,5.008177,4126,182457539.97
2026-04-28,RTH,6.249677,323,29073973.08
2026-04-28,RTI,2.997804,50,36764064807.31
2026-04-28,RTP,12.311587,2310,484258848.64
2026-04-28,RUH,2.700131,17,93136003.03
2026-04-28,RUT,2.165527,3800,121328613.81
2026-04-28,RVI,1.312819,11,19717283.40
2026-04-28,RVS,2.666871,20,4144487213.06
2026-04-28,RYA,1.184574,1,356114551.71
2026-04-28,RYB,46.439979,11,4645623.27
2026-04-28,RYD,1.517979,13,335435620.19
2026-04-28,RYF,15.289085,32,483747967.82
2026-04-28,RYU,45.850080,46,262061084.88
2026-04-28,RZR,4.620120,2,16347084.27
2026-04-28,SAP,1.638632,339,193909258.89
2026-04-28,SAR,49.241488,9,835322906.31
2026-04-28,SAS,1.713388,47133,1519380494.11
2026-04-28,SAT,300.265371,4,2387897596.47
2026-04-28,SBH,1.927785,1222,336956543.62
2026-04-28,SBI,4.236478,15,40019240.54
2026-04-28,SBR,1.341719,25,15468657.24
2026-04-28,SBS,66.941241,1,229246640.74
2026-04-28,SCZ,1.392888,189,82217003.56
2026-04-28,SDA,46.832309,1074,5963842817.39
2026-04-28,SEH,1.257967,46,60293843.27
2026-04-28,SER,54.144253,797,6597147485.61
2026-04-28,SFA,17.861037,16,892642283.58
2026-04-28,SFS,1.313498,83,29974942.59
2026-04-28,SGT,1.466415,836,234087002.77
2026-04-28,SHE,3.733632,725,58265101.63
2026-04-28,SHI,2.373728,47,1615612728.54
2026-04-28,SHU,1.410164,19,239904033.39
2026-04-28,SIS,1.621510,11,54018900.81
2026-04-28,SJP,58.046384,29,300119600.56
2026-04-28,SKL,1.800928,826,206411854.31
2026-04-28,SKO,1.711777,5329,322330691.94
2026-04-28,SKS,47.288505,3,1182212633.48
2026-04-28,SKT,0.104205,2047,41164895.17
2026-04-28,SKZ,0.918229,1666,249085055.51
2026-04-28,SLF,10.018835,7012,1304373006.30
2026-04-28,SLG,1.348823,951,430433981.62
2026-04-28,SLR,0.322622,5,1224900154.87
2026-04-28,SLS,0.990604,12,597015.00
2026-04-28,SMP,1.030025,1,1442034542.19
2026-04-28,SNY,2.522363,687,945137387.91
2026-04-28,SOS,1.351859,158,9938599.73
2026-04-28,SPA,63.155420,208,2901971722.96
2026-04-28,SPD,76.311161,1,323124349.27
2026-04-28,SPE,99.740601,1168,3651283063.51
2026-04-28,SPN,9.001844,498,2478177726.50
2026-04-28,SPP,1.401648,148,223054899.61
2026-04-28,SPR,1.229363,169,15442260.58
2026-04-28,SPT,1.988735,927,99755923.94
2026-04-28,SRA,20.395320,1,4063904827.49
2026-04-28,SRE,59.641867,1,933466607.00
2026-04-28,SRL,1.465905,308,19163380.28
2026-04-28,SRO,24.477226,6,6823146287.97
2026-04-28,SSD,51.787032,1,535096082.97
2026-04-28,SSE,0.004324,11,135653562.88
2026-04-28,SSF,1.004196,15,1299075.33
2026-04-28,SSK,1.477689,498,35957251.04
2026-04-28,SSN,55.000074,4,717666755.58
2026-04-28,SSO,13.131288,1,6695355576.88
2026-04-28,SSS,1.447310,4915,278518915.29
2026-04-28,SST,1.466168,22,8651143.94
2026-04-28,ST1,194.638987,3148,709844038.44
2026-04-28,STI,1.230869,93,130862367.57
2026-04-28,STM,4.727568,12,564239.96
2026-04-28,STS,80.294424,27,404605209.10
2026-04-28,STZ,24.833521,85,568791608.73
2026-04-28,SUA,0.534608,1376,2580663574.16
2026-04-28,SUB,0.393441,842,113480356.35
2026-04-28,SUC,20.375796,521,448257489.96
2026-04-28,SUR,1.201650,104,193292134.28
2026-04-28,SVB,9.184347,1601,288535671.88
2026-04-28,SVS,2.548294,1,1656974424.11
2026-04-28,SVY,1.630332,2,3456041901.04
2026-04-28,SYF,310.439214,6,2431294735.69
2026-04-28,SYL,4055.105676,1,1122477581.87
2026-04-28,SYR,48.343308,22,310172546.33
2026-04-28,SYS,46.047454,123,1661742800.69
2026-04-28,T3B,0.139079,26,10661632542.67
2026-04-28,TAL,2.834372,819,37891515.61
2026-04-28,TAO,19.312112,1,1020769402.94
2026-04-28,TAR,2.273168,6724,116554709.46
2026-04-28,TAU,0.683830,38673,2605816158.53
2026-04-28,TAZ,2.353340,2,1109644647.54
2026-04-28,TB9,49.640857,11345,40982103967.47
2026-04-28,TBP,0.261047,208,445187635.07
2026-04-28,TBT,50.110158,2788,414615027.47
2026-04-28,TBV,0.365407,8333,1324216514.73
2026-04-28,TCA,0.817615,51045,15936225878.21
2026-04-28,TCB,0.207626,4925,3814215711.90
2026-04-28,TCC,0.077405,337,355193357.09
2026-04-28,TCD,46.263305,12606,1477569920.30
2026-04-28,TCF,4.069965,3362,5397194217.44
2026-04-28,TCG,1.338354,1,189587443.76
2026-04-28,TCH,2.051141,74,280965501.30
2026-04-28,TCI,10.206402,17,1321187880.87
2026-04-28,TCS,42.220821,45,1464778265.46
2026-04-28,TDG,0.497649,2143,661100702.43
2026-04-28,TDP,55.748160,44,304369732.47
2026-04-28,TE3,38.576775,3339,1298179460.52
2026-04-28,TE4,5.846298,1725,2378618469.07
2026-04-28,TEJ,2.272399,1126,560027364.19
2026-04-28,TFE,2.522275,109,31735112.34
2026-04-28,TFF,35.759007,8616,1193078696.80
2026-04-28,TFU,1.167264,2985,775052812.66
2026-04-28,TGA,0.458332,6820,842665160.61
2026-04-28,TGE,0.279911,41613,3476506317.01
2026-04-28,TGN,1.281605,1979,2118130701.30
2026-04-28,TGR,6.437273,5980,118142719.39
2026-04-28,TGT,0.106899,62376,3306715123.55
2026-04-28,TGV,17.642047,13,11224869998.88
2026-04-28,TGZ,5.440939,11,990834055.32
2026-04-28,THD,2.744960,214,9205880.35
2026-04-28,THF,2.173951,8299,1173986422.40
2026-04-28,THG,6.363259,189,165960567.04
2026-04-28,THH,144.147156,1,1839101772.54
2026-04-28,THO,47.028325,12,2246653487.84
2026-04-28,THS,59.189920,1,388354182.56
2026-04-28,THT,0.236490,362,7696336.94
2026-04-28,THV,80.159680,21,3614763579.67
2026-04-28,TI1,1476.381468,226299,174850303109.75
2026-04-28,TI2,0.132240,22800,4206159183.11
2026-04-28,TI3,0.123189,24806,2475670006.16
2026-04-28,TI4,0.059599,15910,2281689463.59
2026-04-28,TI6,0.049477,4863,713033488.04
2026-04-28,TI7,73.076799,10652,1343546989.07
2026-04-28,TIE,0.769451,17944,1972161097.06
2026-04-28,TIL,1.382926,1684,99023718.14
2026-04-28,TIP,46.641721,29,156678028.07
2026-04-28,TIV,47.331955,112578,19498397863.95
2026-04-28,TJB,9.499758,1,776153257.17
2026-04-28,TJF,5.194082,584,60861998.75
2026-04-28,TJI,6.137210,920,723690936.68
2026-04-28,TJL,20.481896,4,1392585452.65
2026-04-28,TJT,63.869637,1996,2319414829.90
2026-04-28,TKF,65.238046,4638,1040068768.93
2026-04-28,TKH,2.331762,1,476251965.19
2026-04-28,TKK,1.705351,114612,1817507047.72
2026-04-28,TKM,0.190670,498566,61366017837.53
2026-04-28,TLE,26.591694,999,562892341.09
2026-04-28,TLH,30.962744,444,144825016.10
2026-04-28,TLK,1.567091,895,2636498741.57
2026-04-28,TLT,65.788554,1,372604591.46
2026-04-28,TLU,49.769953,547,10032218284.83
2026-04-28,TLV,1.205261,8379,5560512277.29
2026-04-28,TLY,5216.385597,83519,120116965195.06
2026-04-28,TLZ,17.879684,806,58230554.92
2026-04-28,TMC,0.148750,11062,100151956.64
2026-04-28,TMG,1.258340,32907,4526711817.05
2026-04-28,TMH,0.000000,12,0.00
2026-04-28,TMM,65.454384,1200,822246091.54
2026-04-28,TMR,7.074004,1,8843212718.99
2026-04-28,TMS,1.851565,88,330705966.78
2026-04-28,TMU,1.297002,101,108451324.52
2026-04-28,TMV,5.272710,1685,6183243273.91
2026-04-28,TMZ,1.838563,2521,49714677.50
2026-04-28,TNA,1.591341,1,5430371953.03
2026-04-28,TNB,47.354224,87,717782589.40
2026-04-28,TND,1.332829,392,173642317.58
2026-04-28,TNF,3.753398,3,4763573756.45
2026-04-28,TNH,12.388901,2,112677138.51
2026-04-28,TNI,10.093858,3670,10499154199.92
2026-04-28,TNK,30.091464,75415,3425113847.18
2026-04-28,TNS,11.589181,30,431483565.86
2026-04-28,TO8,53.376423,99,754822848.76
2026-04-28,TOK,55.941906,7359,23774248456.68
2026-04-28,TOT,846.531391,787,111599079.83
2026-04-28,TP1,63.141407,1,356097269.18
2026-04-28,TP2,1.872743,97130,131044253569.42
2026-04-28,TPC,13.559311,17434,7964069758.73
2026-04-28,TPE,0.507779,34,2306532686.77
2026-04-28,TPF,9.864342,590,162619706.32
2026-04-28,TPJ,72.452581,1608,2465269418.41
2026-04-28,TPL,19.700001,1426,688271640.72
2026-04-28,TPO,0.164090,3,96736624.12
2026-04-28,TPP,68.253921,410,1505476741.87
2026-04-28,TPR,0.502169,2,296008715.66
2026-04-28,TPV,10.205945,38,6419264.09
2026-04-28,TPZ,26.296400,1549,136694735.84
2026-04-28,TRJ,1.869730,3302,2156492936.15
2026-04-28,TRN,1.333305,1,2438778971.01
2026-04-28,TRO,2.542863,472,35093498.89
2026-04-28,TRR,5.699871,501,2884961104.77
2026-04-28,TRU,1.406857,272,277585919.55
2026-04-28,TSI,0.184621,78418,20268600703.45
2026-04-28,TSP,65.310315,5,1602503713.31
2026-04-28,TTA,0.632420,221280,29219201370.43
2026-04-28,TTE,1.472685,38758,2970536420.45
2026-04-28,TTL,36.167913,392,254530243.62
2026-04-28,TTP,47.907132,109,833015054.53
2026-04-28,TTS,65.156747,1,2025495617.04
2026-04-28,TTV,7.830273,23,2439680170.71
2026-04-28,TTZ,3.562609,9,304220660.35
2026-04-28,TUA,1.480259,34871,18105992870.67
2026-04-28,TVE,1.170677,273,148576338.31
2026-04-28,TVN,2.503072,547,7632421.00
2026-04-28,TYH,2.125736,7027,1784210979.37
2026-04-28,TZC,0.300609,1136,30478245.92
2026-04-28,TZD,2.421351,8040,949331922.36
2026-04-28,TZH,7.786167,1,56050588855.16
2026-04-28,TZL,0.122212,175529,69046063720.71
2026-04-28,TZP,12.486856,14,991352834.97
2026-04-28,TZT,0.154645,6028,322148097.62
2026-04-28,TZV,844.222855,132868,21672642612.80
2026-04-28,UAB,4.999365,2,455681153.37
2026-04-28,UAP,65.355226,1,429151823.65
2026-04-28,UCN,2.115443,2,1152768475.10
2026-04-28,UCP,1.172338,28,22187537406.23
2026-04-28,UFH,67.876644,1,249534838.24
2026-04-28,UHL,68.286789,1,2439460876.41
2026-04-28,UHS,6.042975,13,325184181.75
2026-04-28,ULH,6.367434,270,1268592482.69
2026-04-28,ULL,66.052033,3,270614848.29
2026-04-28,UNT,1.385094,226,99656915.90
2026-04-28,UP1,6.268277,1649,1313836784.27
2026-04-28,UP2,3.725986,262,2064697754.36
2026-04-28,UPD,20.475933,294,2646779809.11
2026-04-28,UPH,31.443215,594,201333485.92
2026-04-28,UPP,6.229679,1009,3028078162.84
2026-04-28,UPS,4.669793,1,539450755.99
2026-04-28,URA,2.005335,11534,948061982.16
2026-04-28,URC,52.365655,181,200770025.40
2026-04-28,URD,46.137781,12,10286085635.91
2026-04-28,URG,70.711232,1,530528834.99
2026-04-28,URM,46.332398,1,8800977.91
2026-04-28,URS,3.602112,1,944074313.52
2026-04-28,URV,3.664622,2,9840976553.80
2026-04-28,USS,3.390750,1,3675690697.60
2026-04-28,UST,3.709437,1,1739128592.25
2026-04-28,USY,0.237353,482,1267007932.20
2026-04-28,UYH,4.519253,12,869133748.63
2026-04-28,UZY,2.515132,16,78700.99
2026-04-28,VAY,1.612588,3295,47838249.27
2026-04-28,VCD,5.605714,12,61664820.84
2026-04-28,VCG,5.072167,20,1758155572.48
2026-04-28,VCY,3.326433,12213,151949560.69
2026-04-28,VFK,4.866570,5446,3019103142.62
2026-04-28,VFS,1.835926,1,5912956.13
2026-04-28,VK6,3.675220,153464,66534817976.83
2026-04-28,VKI,2.765473,568,2066547618.59
2026-04-28,VKT,0.108331,44765,4180259601.72
2026-04-28,VMV,2.467573,151,7013125108.16
2026-04-28,VNK,2.349233,468,7824875116.73
2026-04-28,VPP,48.319368,444,1390128061.15
2026-04-28,VPS,1.462904,13536,5863457400.12
2026-04-28,VRK,1.212866,152,39555940.74
2026-04-28,VTF,2.182128,1,417207525.97
2026-04-28,YA1,1.261077,19,727227989.83
2026-04-28,YAC,13.899199,10413,5569932147.53
2026-04-28,YAE,1.060711,892,293710671.48
2026-04-28,YAK,4.853101,109698,1113431300.50
2026-04-28,YAN,13.185424,3719,1787250298.13
2026-04-28,YAR,26.543019,1,743204535.66
2026-04-28,YAS,15.252396,70803,7471278090.71
2026-04-28,YAY,1537.877001,37348,10768826834.41
2026-04-28,YBE,1.699695,14328,5343537838.44
2026-04-28,YBH,49.642100,665,741822306.08
2026-04-28,YBJ,54.688826,1,1808310328.26
2026-04-28,YBP,11.526470,56,867865285.82
2026-04-28,YBR,51.761488,2375,5334925081.05
2026-04-28,YBS,0.128956,11255,1767477089.39
2026-04-28,YCG,56.887112,4,189445745.90
2026-04-28,YCH,2.424718,135,119472490.27
2026-04-28,YCK,4.131490,42,489723569.68
2026-04-28,YCL,10.752889,11,386486159.22
2026-04-28,YCP,9.117361,2277,1264615840.78
2026-04-28,YCY,3.680781,271,249352549.90
2026-04-28,YDI,0.452411,7504,1219450432.94
2026-04-28,YDK,0.106781,48790,135205109.46
2026-04-28,YDL,55.426507,8,1155931939.02
2026-04-28,YDM,1.602850,2,1111277043.47
2026-04-28,YDP,2.068451,2404,367386377.72
2026-04-28,YDZ,50.918494,3119,12488239265.84
2026-04-28,YEF,0.974778,13819,2043707538.15
2026-04-28,YFV,0.096316,7421,918279305.17
2026-04-28,YGM,3.214480,2484,649235327.77
2026-04-28,YHB,2.259685,7686,305464842.05
2026-04-28,YHI,1.477099,277,66032472.90
2026-04-28,YHK,1.889202,5681,1005107392.45
2026-04-28,YHP,4.092086,1,1718676142.22
2026-04-28,YHS,25.751522,8715,3751853689.53
2026-04-28,YHT,0.369784,86425,2046573501.64
2026-04-28,YHY,1.240084,16,1561482.75
2026-04-28,YHZ,8.202077,13859,924700576.90
2026-04-28,YIK,1.358473,1438,25626641912.23
2026-04-28,YIS,1.259515,1,932380550.55
2026-04-28,YIT,2.392033,6684,819295685.56
2026-04-28,YIV,3.399846,2,4629765717.65
2026-04-28,YJA,62.788124,4,375908292.16
2026-04-28,YJH,3.796349,3857,193028931.84
2026-04-28,YJK,4.983820,9686,701439761.05
2026-04-28,YJU,62.125917,1,413609942.68
2026-04-28,YJY,53.730709,8337,67824972155.15
2026-04-28,YKS,0.319595,382,191977426.14
2026-04-28,YKT,0.896169,94087,36631977997.82
2026-04-28,YLB,1.612105,334537,67071250217.41
2026-04-28,YLC,3.661061,1465,80507880.71
2026-04-28,YLE,8.677031,2489,324040499.16
2026-04-28,YLO,5.009263,4934,227168322.69
2026-04-28,YLR,12.731846,4,62360.58
2026-04-28,YLY,2.447852,577,39503367.64
2026-04-28,YLZ,3.769456,13,2174935085.79
2026-04-28,YMD,52.587227,1323,6036248202.90
2026-04-28,YMH,1.435557,354,478555070.16
2026-04-28,YMP,1.015056,8,34186395.00
2026-04-28,YNK,45.248793,1179,17512357591.57
2026-04-28,YNL,52.083319,1,207392130.19
2026-04-28,YOA,83.223247,142,1813329118.60
2026-04-28,YOS,53.403876,227,977742566.41
2026-04-28,YOT,36.388337,10169,1979803813.23
2026-04-28,YOZ,45.922613,1267,25943028367.42
2026-04-28,YP1,61.751562,3,217822953.86
2026-04-28,YP2,68.506615,1,1273479599.62
2026-04-28,YP4,50.599533,30347,138078262707.24
2026-04-28,YPC,4.908448,2359,42650563.92
2026-04-28,YPD,63.940820,2,93907389.32
2026-04-28,YPF,9.154141,461,1152686256.80
2026-04-28,YPI,52.693379,68,2017174376.55
2026-04-28,YPK,13.366061,273,219149520.38
2026-04-28,YPL,68.414917,1626,13029877553.19
2026-04-28,YPN,63.152740,98,1799055340.46
2026-04-28,YPP,24.272844,1,4540449177.38
2026-04-28,YPR,1.634609,285,201995873.19
2026-04-28,YPT,3.660278,18789,107251038177.50
2026-04-28,YPU,62.147584,1734,3771550808.03
2026-04-28,YPV,7.645854,3623,6645633117.61
2026-04-28,YRZ,45.519334,159,751411999.07
2026-04-28,YSA,45.857635,200,186480485.13
2026-04-28,YSL,41.938561,423,713527077.61
2026-04-28,YSO,1.239892,193,62666061.29
2026-04-28,YSU,0.161507,6403,254053121.94
2026-04-28,YTC,63.010244,120,314025475.79
2026-04-28,YTD,0.810379,15171,1606858422.67
2026-04-28,YTJ,65.554101,1,1151696400.13
2026-04-28,YTO,50.679854,4,669638126.31
2026-04-28,YTR,75.275112,2,583035705.73
2026-04-28,YTV,2.836167,2397,220330336.08
2026-04-28,YTY,55.887674,20547,101287688416.35
2026-04-28,YUB,5.547668,671,569792478.14
2026-04-28,YUD,70.864259,2,242375251.90
2026-04-28,YUI,1.887227,8,1216120511.31
2026-04-28,YUK,47.190905,149,1291696278.47
2026-04-28,YUN,53.889167,483,2756683671.96
2026-04-28,YUY,1.031005,2,1021066857.41
2026-04-28,YVB,1.263032,718,108297226.88
2026-04-28,YVD,3.921237,82492,41858484192.99
2026-04-28,YVF,69.418982,4,904902186.04
2026-04-28,YVG,59.729289,1224,5877249855.63
2026-04-28,YVO,65.833882,2,690112618.76
2026-04-28,YVS,70.546176,6,407595489.14
2026-04-28,YZC,4.310154,12693,560662300.95
2026-04-28,YZF,90.404271,1,452021356.98
2026-04-28,YZG,14.408030,69663,13546606354.16
2026-04-28,YZH,11.748019,6387,1156301648.71
2026-04-28,YZK,7.377321,209,206918922.23
2026-04-28,YZL,4.921181,74,617513533.10
2026-04-28,ZA2,1.777944,2358,13308042441.86
2026-04-28,ZAD,43.840692,28,11170082.31
2026-04-28,ZAV,54.391480,4857,66898065081.60
2026-04-28,ZAY,5.762497,3733,1738181058.32
2026-04-28,ZBD,657.418096,2223,920889179.99
2026-04-28,ZBI,2.050993,1782,222761569.50
2026-04-28,ZBJ,4.572702,19585,40377582553.76
2026-04-28,ZBN,24.485772,185,130932230.79
2026-04-28,ZBO,2.915928,254,410573639.18
2026-04-28,ZBZ,62.862772,1,330019178.14
2026-04-28,ZCA,7.630583,1,57501005.18
2026-04-28,ZCB,68.667141,3,74018782.96
2026-04-28,ZCC,74.194418,2,392033880.03
2026-04-28,ZCD,4.407479,626,1428735419.38
2026-04-28,ZCE,4.141603,1,11628518443.56
2026-04-28,ZCF,3.749677,1,1728594270.22
2026-04-28,ZCG,5.897121,163,559976789.20
2026-04-28,ZCH,2.398277,1,4935641799.27
2026-04-28,ZCK,1.651124,1972,384975452.75
2026-04-28,ZCN,3.887711,7758,645791978.86
2026-04-28,ZDD,6.872585,1470,483785005.59
2026-04-28,ZDK,15.127674,1,3169822.57
2026-04-28,ZDZ,12.748748,9440,1057303875.22
2026-04-28,ZFB,6.645787,16144,822321282.18
2026-04-28,ZFZ,64.708799,3,20799162035.01
2026-04-28,ZHH,1.409714,1146,108219589.72
2026-04-28,ZJB,12.001614,2234,11500094918.86
2026-04-28,ZJH,57.509175,1,194726008.62
2026-04-28,ZJI,12.510664,2265,9008681210.22
2026-04-28,ZJL,14.188596,2941,413545082.90
2026-04-28,ZJR,6.691324,1,1299334370.21
2026-04-28,ZJT,63.455709,1,1262225557.10
2026-04-28,ZJV,10.579700,1464,694178552.60
2026-04-28,ZK1,47.122432,121,2120352871.93
2026-04-28,ZK2,55.095905,74,1903277355.60
2026-04-28,ZKK,23.742110,1,2223760840.24
2026-04-28,ZLB,47.245908,62,570989239.64
2026-04-28,ZLG,60.246606,1,1014119794.20
2026-04-28,ZLH,11.356977,3701,453363702.36
2026-04-28,ZMT,58.948501,299,1365794974.73
2026-04-28,ZMU,0.193117,13,20384230.35
2026-04-28,ZMY,6.203441,2896,186061056.93
2026-04-28,ZNF,51.960005,1,1904600902.38
2026-04-28,ZOS,1.723108,11,528169660.05
2026-04-28,ZP1,59.086244,2,59909788.36
2026-04-28,ZP2,5.110432,1,547043017.78
2026-04-28,ZP3,4.148963,1,60521593.44
2026-04-28,ZP6,54.483829,1626,7113297958.78
2026-04-28,ZP7,63.704323,1,1592608065.47
2026-04-28,ZP8,3.607428,4947,55055921858.56
2026-04-28,ZP9,57.403931,843,1754609244.58
2026-04-28,ZPA,62.328320,888,4023375059.58
2026-04-28,ZPC,18.737110,2994,3134931245.19
2026-04-28,ZPE,33.298184,6773,1227417451.81
2026-04-28,ZPF,21.544148,3384,796959481.23
2026-04-28,ZPG,9.542932,5714,1313946003.15
2026-04-28,ZPH,1.339357,65,284574129.70
2026-04-28,ZPJ,11.639080,406,147614697.82
2026-04-28,ZPK,7.487728,27273,16371848984.78
2026-04-28,ZPN,67.168450,1,1903943100.42
2026-04-28,ZPR,1.361962,903,25393775669.70
2026-04-28,ZR2,1.277694,1,2561516981.13
2026-04-28,ZR3,0.696668,176,214892678.32
2026-04-28,ZSB,9.688387,18,2677125971.86
2026-04-28,ZSF,52.358646,1754,42544436.45
2026-04-28,ZSG,4.141463,1008,50031356.02
2026-04-28,ZSK,54.809479,1,578197139.48
2026-04-28,ZSN,52.397449,2,2857531913.14
2026-04-28,ZTF,6.715815,1,1845923078.76
2026-04-28,ZTG,1.183647,833,32367670.16
2026-04-28,ZUD,3.925325,1,815484636.85
2026-04-28,ZUE,4.625475,1,5830951076.27
2026-04-28,ZUS,47.076567,3377,68762247772.14
2026-04-28,ZVB,85.294069,11,227469645.05
2026-04-28,ZVO,3.693585,401,886899667.70
2026-04-28,ZYC,4.348189,1,7973651258.75
2026-04-28,ZYD,4.349487,1,8021271091.76
2026-04-28,ZZL,77.189466,15,39314061.49
